-- --------------------------------------------------------
-- Host:                         127.0.0.1
-- Versión del servidor:         10.4.19-MariaDB - mariadb.org binary distribution
-- SO del servidor:              Win64
-- HeidiSQL Versión:             12.6.0.6765
-- --------------------------------------------------------

/*!40101 SET @OLD_CHARACTER_SET_CLIENT=@@CHARACTER_SET_CLIENT */;
/*!40101 SET NAMES utf8 */;
/*!50503 SET NAMES utf8mb4 */;
/*!40103 SET @OLD_TIME_ZONE=@@TIME_ZONE */;
/*!40103 SET TIME_ZONE='+00:00' */;
/*!40014 SET @OLD_FOREIGN_KEY_CHECKS=@@FOREIGN_KEY_CHECKS, FOREIGN_KEY_CHECKS=0 */;
/*!40101 SET @OLD_SQL_MODE=@@SQL_MODE, SQL_MODE='NO_AUTO_VALUE_ON_ZERO' */;
/*!40111 SET @OLD_SQL_NOTES=@@SQL_NOTES, SQL_NOTES=0 */;

-- Volcando estructura para tabla juguemos_la_reta.broadcasters
CREATE TABLE IF NOT EXISTS `broadcasters` (
  `id` bigint(20) unsigned NOT NULL AUTO_INCREMENT,
  `name` varchar(150) COLLATE utf8mb4_unicode_ci NOT NULL,
  `logo` varchar(150) COLLATE utf8mb4_unicode_ci NOT NULL,
  `created_at` timestamp NULL DEFAULT NULL,
  `updated_at` timestamp NULL DEFAULT NULL,
  PRIMARY KEY (`id`)
) ENGINE=InnoDB AUTO_INCREMENT=7 DEFAULT CHARSET=utf8mb4 COLLATE=utf8mb4_unicode_ci;

-- Volcando datos para la tabla juguemos_la_reta.broadcasters: ~6 rows (aproximadamente)
INSERT INTO `broadcasters` (`id`, `name`, `logo`, `created_at`, `updated_at`) VALUES
	(1, 'TUDN', 'tudn.png', NULL, NULL),
	(2, 'TV AZTECA', 'tvazteca.png', NULL, NULL),
	(3, 'Fox Sports', 'foxsports.png', NULL, NULL),
	(4, 'ESPN', 'espn.png', NULL, NULL),
	(5, 'Afizzionados', 'afizzionados.png', NULL, NULL),
	(6, 'Vix+', 'vix.png', NULL, NULL);

-- Volcando estructura para tabla juguemos_la_reta.countries
CREATE TABLE IF NOT EXISTS `countries` (
  `id` bigint(20) unsigned NOT NULL AUTO_INCREMENT,
  `code` varchar(2) COLLATE utf8mb4_unicode_ci NOT NULL,
  `name` varchar(50) COLLATE utf8mb4_unicode_ci NOT NULL,
  `flag` varchar(250) COLLATE utf8mb4_unicode_ci NOT NULL,
  `active` smallint(6) NOT NULL,
  `created_at` timestamp NULL DEFAULT NULL,
  `updated_at` timestamp NULL DEFAULT NULL,
  PRIMARY KEY (`id`)
) ENGINE=InnoDB AUTO_INCREMENT=2 DEFAULT CHARSET=utf8mb4 COLLATE=utf8mb4_unicode_ci;

-- Volcando datos para la tabla juguemos_la_reta.countries: ~1 rows (aproximadamente)
INSERT INTO `countries` (`id`, `code`, `name`, `flag`, `active`, `created_at`, `updated_at`) VALUES
	(1, 'MX', 'Mexico', 'https://media-4.api-sports.io/flags/mx.svg', 1, '2023-11-24 01:02:04', '2023-11-24 01:02:04');

-- Volcando estructura para tabla juguemos_la_reta.distribuitors
CREATE TABLE IF NOT EXISTS `distribuitors` (
  `id` bigint(20) unsigned NOT NULL AUTO_INCREMENT,
  `name` varchar(100) COLLATE utf8mb4_unicode_ci NOT NULL,
  `address` varchar(100) COLLATE utf8mb4_unicode_ci NOT NULL,
  `city` varchar(100) COLLATE utf8mb4_unicode_ci NOT NULL,
  `state` varchar(100) COLLATE utf8mb4_unicode_ci NOT NULL,
  `commission_pct` int(11) NOT NULL,
  `active` varchar(1) COLLATE utf8mb4_unicode_ci NOT NULL,
  `created_at` timestamp NULL DEFAULT NULL,
  `updated_at` timestamp NULL DEFAULT NULL,
  PRIMARY KEY (`id`)
) ENGINE=InnoDB AUTO_INCREMENT=2 DEFAULT CHARSET=utf8mb4 COLLATE=utf8mb4_unicode_ci;

-- Volcando datos para la tabla juguemos_la_reta.distribuitors: ~1 rows (aproximadamente)
INSERT INTO `distribuitors` (`id`, `name`, `address`, `city`, `state`, `commission_pct`, `active`, `created_at`, `updated_at`) VALUES
	(1, 'Papeleria Andy', 'Miguel Martinez #19', 'Uriangato', 'Guanajuato', 10, '1', '2023-11-25 20:04:49', '2023-11-25 20:04:50');

-- Volcando estructura para tabla juguemos_la_reta.failed_jobs
CREATE TABLE IF NOT EXISTS `failed_jobs` (
  `id` bigint(20) unsigned NOT NULL AUTO_INCREMENT,
  `uuid` varchar(255) COLLATE utf8mb4_unicode_ci NOT NULL,
  `connection` text COLLATE utf8mb4_unicode_ci NOT NULL,
  `queue` text COLLATE utf8mb4_unicode_ci NOT NULL,
  `payload` longtext COLLATE utf8mb4_unicode_ci NOT NULL,
  `exception` longtext COLLATE utf8mb4_unicode_ci NOT NULL,
  `failed_at` timestamp NOT NULL DEFAULT current_timestamp(),
  PRIMARY KEY (`id`),
  UNIQUE KEY `failed_jobs_uuid_unique` (`uuid`)
) ENGINE=InnoDB DEFAULT CHARSET=utf8mb4 COLLATE=utf8mb4_unicode_ci;

-- Volcando datos para la tabla juguemos_la_reta.failed_jobs: ~0 rows (aproximadamente)

-- Volcando estructura para tabla juguemos_la_reta.games
CREATE TABLE IF NOT EXISTS `games` (
  `id` bigint(20) unsigned NOT NULL,
  `round_id` bigint(20) unsigned NOT NULL,
  `home_id` bigint(20) unsigned NOT NULL,
  `away_id` bigint(20) unsigned NOT NULL,
  `home_score` int(11) DEFAULT NULL,
  `away_score` int(11) DEFAULT NULL,
  `referee` varchar(100) COLLATE utf8mb4_unicode_ci DEFAULT NULL,
  `date` date DEFAULT NULL,
  `time` time DEFAULT NULL,
  `status` varchar(5) COLLATE utf8mb4_unicode_ci NOT NULL,
  `created_at` timestamp NULL DEFAULT NULL,
  `updated_at` timestamp NULL DEFAULT NULL
) ENGINE=InnoDB DEFAULT CHARSET=utf8mb4 COLLATE=utf8mb4_unicode_ci;

-- Volcando datos para la tabla juguemos_la_reta.games: ~164 rows (aproximadamente)
INSERT INTO `games` (`id`, `round_id`, `home_id`, `away_id`, `home_score`, `away_score`, `referee`, `date`, `time`, `status`, `created_at`, `updated_at`) VALUES
	(1031275, 1, 2287, 2298, 1, 2, 'I. Lopez', '2023-06-30', '20:00:00', 'FT', '2023-11-24 01:25:01', '2023-11-24 01:26:01'),
	(1031276, 1, 2280, 2286, 2, 3, 'D. Quintero', '2023-06-30', '22:10:00', 'FT', '2023-11-24 01:25:01', '2023-11-24 01:26:01'),
	(1031277, 1, 14002, 2292, 1, 1, 'J. Lopez', '2023-06-30', '20:00:00', 'FT', '2023-11-24 01:25:01', '2023-11-24 01:26:01'),
	(1031278, 1, 2314, 2282, 1, 1, 'J. Camacho', '2023-07-01', '18:00:00', 'FT', '2023-11-24 01:25:01', '2023-11-24 01:26:01'),
	(1031279, 1, 2279, 2291, 1, 1, 'Ó. Macías', '2023-07-01', '20:00:00', 'FT', '2023-11-24 01:25:01', '2023-11-24 01:26:01'),
	(1031280, 1, 2283, 2295, 2, 0, 'V. Cáceres', '2023-07-01', '22:10:00', 'FT', '2023-11-24 01:25:01', '2023-11-24 01:26:01'),
	(1031281, 1, 2281, 2288, 0, 0, 'I. López', '2023-07-02', '13:00:00', 'FT', '2023-11-24 01:25:01', '2023-11-24 01:26:01'),
	(1031282, 1, 2285, 2290, 0, 2, 'A. Quirarte', '2023-07-02', '20:05:00', 'FT', '2023-11-24 01:25:01', '2023-11-24 01:26:01'),
	(1031283, 1, 2289, 2278, 1, 2, 'Ó. Mejía', '2023-07-03', '21:00:00', 'FT', '2023-11-24 01:25:01', '2023-11-24 01:26:01'),
	(1031284, 2, 2291, 2285, 2, 3, 'B. González', '2023-07-07', '20:00:00', 'FT', '2023-11-24 01:25:01', '2023-11-24 01:26:01'),
	(1031285, 2, 2298, 2279, 1, 1, 'J. Lopez', '2023-07-08', '19:06:00', 'FT', '2023-11-24 01:25:01', '2023-11-24 01:26:01'),
	(1031286, 2, 2278, 2314, 3, 1, 'V. Cáceres', '2023-07-08', '19:05:00', 'FT', '2023-11-24 01:25:01', '2023-11-24 01:26:01'),
	(1031287, 2, 2282, 2283, 1, 0, 'E. Morales', '2023-07-09', '20:00:00', 'FT', '2023-11-24 01:25:01', '2023-11-24 01:26:01'),
	(1031288, 2, 2295, 2281, 0, 2, 'I. Lopez', '2023-07-08', '18:50:00', 'FT', '2023-11-24 01:25:01', '2023-11-24 01:26:01'),
	(1031289, 2, 2286, 14002, 0, 0, 'Ó. Macías', '2023-07-09', '13:00:00', 'FT', '2023-11-24 01:25:01', '2023-11-24 01:26:01'),
	(1031290, 2, 2288, 2280, 1, 1, 'Ó. Mejía', '2023-07-07', '22:00:00', 'FT', '2023-11-24 01:25:01', '2023-11-24 01:26:01'),
	(1031291, 2, 2290, 2287, 1, 2, 'D. Montaño', '2023-09-20', '21:06:00', 'FT', '2023-11-24 01:25:01', '2023-11-24 01:26:01'),
	(1031292, 2, 2289, 2292, 4, 0, 'J. Camacho', '2023-07-10', '21:00:00', 'FT', '2023-11-24 01:25:01', '2023-11-24 01:26:01'),
	(1031293, 3, 2285, 2283, 0, 0, 'D. Montaño', '2023-07-13', '20:05:00', 'FT', '2023-11-24 01:25:01', '2023-11-24 01:26:01'),
	(1031294, 3, 2278, 2288, 2, 0, 'J. Lopez', '2023-07-13', '22:00:00', 'FT', '2023-11-24 01:25:01', '2023-11-24 01:26:01'),
	(1031295, 3, 14002, 2282, 0, 3, 'B. González', '2023-07-14', '20:00:00', 'FT', '2023-11-24 01:25:01', '2023-11-24 01:26:01'),
	(1031296, 3, 2280, 2295, 2, 1, 'E. Morales', '2023-07-14', '22:10:00', 'FT', '2023-11-24 01:25:01', '2023-11-24 01:26:01'),
	(1031297, 3, 2314, 2290, 4, 1, 'D. Quintero', '2023-07-15', '18:00:00', 'FT', '2023-11-24 01:25:01', '2023-11-24 01:26:01'),
	(1031298, 3, 2287, 2291, 3, 0, 'V. Cáceres', '2023-07-15', '20:00:00', 'FT', '2023-11-24 01:25:01', '2023-11-24 01:26:01'),
	(1031299, 3, 2279, 2289, 1, 0, 'I. Lopez', '2023-07-15', '22:05:00', 'FT', '2023-11-24 01:25:01', '2023-11-24 01:26:01'),
	(1031300, 3, 2281, 2298, 2, 4, 'M. Terrazas', '2023-07-16', '13:00:00', 'FT', '2023-11-24 01:25:01', '2023-11-24 01:26:01'),
	(1031301, 3, 2292, 2286, 1, 1, 'Ó. Mejía', '2023-07-16', '21:15:00', 'FT', '2023-11-24 01:25:01', '2023-11-24 01:26:01'),
	(1031302, 4, 2291, 2314, 1, 2, 'I. Lopez', '2023-08-18', '22:06:00', 'FT', '2023-11-24 01:25:01', '2023-11-24 01:26:01'),
	(1031303, 4, 2298, 2278, 1, 1, 'F. Hernández', '2023-08-18', '22:10:00', 'FT', '2023-11-24 01:25:01', '2023-11-24 01:26:01'),
	(1031304, 4, 2288, 2279, 0, 3, 'G. Pacheco', '2023-08-20', '22:10:00', 'FT', '2023-11-24 01:25:01', '2023-11-24 01:26:01'),
	(1031305, 4, 2289, 14002, 2, 1, 'M. Quintero', '2023-08-18', '20:06:00', 'FT', '2023-11-24 01:25:01', '2023-11-24 01:26:01'),
	(1031306, 4, 2282, 2280, 3, 1, 'V. Cáceres', '2023-10-25', '20:00:00', 'FT', '2023-11-24 01:25:01', '2023-11-24 01:26:01'),
	(1031307, 4, 2287, 2283, 1, 1, 'A. Escobedo', '2023-08-20', '20:10:00', 'FT', '2023-11-24 01:25:01', '2023-11-24 01:26:01'),
	(1031308, 4, 2286, 2281, 1, 1, 'L. Santander', '2023-08-18', '22:00:00', 'FT', '2023-11-24 01:25:01', '2023-11-24 01:26:01'),
	(1031309, 4, 2295, 2285, 2, 2, 'M. Ortíz', '2023-08-20', '18:00:00', 'FT', '2023-11-24 01:25:01', '2023-11-24 01:26:01'),
	(1031310, 4, 2290, 2292, 1, 1, 'V. Arce', '2023-08-20', '20:06:00', 'FT', '2023-11-24 01:25:01', '2023-11-24 01:26:01'),
	(1031311, 5, 2287, 2288, 3, 2, 'M. Ortíz', '2023-08-23', '20:00:00', 'FT', '2023-11-24 01:25:01', '2023-11-24 01:26:01'),
	(1031312, 5, 2298, 2286, 4, 1, 'I. López', '2023-08-22', '22:06:00', 'FT', '2023-11-24 01:25:01', '2023-11-24 01:26:01'),
	(1031313, 5, 2290, 2283, 1, 2, 'F. Hernández', '2023-08-30', '20:06:00', 'FT', '2023-11-24 01:25:01', '2023-11-24 01:26:01'),
	(1031314, 5, 2292, 2295, 1, 0, 'J. Lopez', '2023-08-23', '20:06:00', 'FT', '2023-11-24 01:25:01', '2023-11-24 01:26:01'),
	(1031315, 5, 2281, 2282, 1, 0, 'D. Montaño', '2023-08-30', '20:00:00', 'FT', '2023-11-24 01:25:01', '2023-11-24 01:26:01'),
	(1031316, 5, 2278, 2280, 1, 0, 'A. Escobedo', '2023-08-22', '20:00:00', 'FT', '2023-11-24 01:25:01', '2023-11-24 01:26:01'),
	(1031317, 5, 14002, 2291, 1, 0, 'L. Santander', '2023-08-22', '20:00:00', 'FT', '2023-11-24 01:25:01', '2023-11-24 01:26:01'),
	(1031318, 5, 2279, 2285, 3, 2, 'D. Quintero', '2023-08-30', '22:00:00', 'FT', '2023-11-24 01:25:01', '2023-11-24 01:26:01'),
	(1031319, 6, 2280, 14002, 1, 1, 'F. Guerrero', '2023-08-25', '22:10:00', 'FT', '2023-11-24 01:25:01', '2023-11-24 01:26:01'),
	(1031320, 6, 2283, 2281, 0, 0, 'G. Pacheco', '2023-08-26', '18:00:00', 'FT', '2023-11-24 01:25:01', '2023-11-24 01:26:01'),
	(1031321, 6, 2287, 2289, 1, 1, 'Ó. Macías', '2023-08-26', '20:00:00', 'FT', '2023-11-24 01:25:01', '2023-11-24 01:26:01'),
	(1031322, 6, 2285, 2278, 2, 1, 'Ó. Mejía', '2023-08-26', '22:05:00', 'FT', '2023-11-24 01:25:01', '2023-11-24 01:26:01'),
	(1031323, 6, 2288, 2290, 0, 1, 'D. Quintero', '2023-08-27', '17:00:00', 'FT', '2023-11-24 01:25:01', '2023-11-24 01:26:01'),
	(1031324, 6, 2286, 2279, 2, 1, 'F. Hernández', '2023-08-27', '19:05:00', 'FT', '2023-11-24 01:25:01', '2023-11-24 01:26:01'),
	(1031325, 6, 2282, 2295, 1, 2, 'C. Ramos', '2023-08-27', '21:05:00', 'FT', '2023-11-24 01:25:01', '2023-11-24 01:26:01'),
	(1031326, 6, 2292, 2314, 0, 2, 'J. Camacho', '2023-08-28', '22:10:00', 'FT', '2023-11-24 01:25:01', '2023-11-24 01:26:01'),
	(1031327, 7, 2314, 2283, 2, 0, 'L. Santander', '2023-09-03', '21:00:00', 'FT', '2023-11-24 01:25:01', '2023-11-24 01:26:01'),
	(1031328, 7, 2298, 14002, 3, 1, 'A. Escobedo', '2023-09-01', '20:06:00', 'FT', '2023-11-24 01:25:01', '2023-11-24 01:26:01'),
	(1031329, 7, 2291, 2280, 3, 0, 'C. Ramos', '2023-09-01', '22:10:00', 'FT', '2023-11-24 01:25:01', '2023-11-24 01:26:01'),
	(1031330, 7, 2278, 2282, 1, 2, 'Ó. Macías', '2023-09-03', '18:05:00', 'FT', '2023-11-24 01:25:01', '2023-11-24 01:26:01'),
	(1031331, 7, 2289, 2288, 1, 1, 'V. Cáceres', '2023-09-02', '18:00:00', 'FT', '2023-11-24 01:25:01', '2023-11-24 01:26:01'),
	(1031332, 7, 2285, 2286, 2, 1, 'F. Guerrero', '2023-09-02', '20:00:00', 'FT', '2023-11-24 01:25:01', '2023-11-24 01:26:01'),
	(1031333, 7, 2279, 2290, 5, 0, 'I. Lopez', '2023-09-02', '20:05:00', 'FT', '2023-11-24 01:25:01', '2023-11-24 01:26:01'),
	(1031334, 7, 2295, 2287, 2, 3, 'D. Quintero', '2023-09-02', '22:10:00', 'FT', '2023-11-24 01:25:01', '2023-11-24 01:26:01'),
	(1031335, 7, 2281, 2292, 5, 0, 'M. Ortíz', '2023-09-03', '13:00:00', 'FT', '2023-11-24 01:25:01', '2023-11-24 01:26:01'),
	(1031336, 8, 2282, 2289, 3, 1, 'L. Santander', '2023-09-16', '20:00:00', 'FT', '2023-11-24 01:25:01', '2023-11-24 01:26:01'),
	(1031337, 8, 2287, 2278, 4, 0, 'F. Guerrero', '2023-09-16', '22:10:00', 'FT', '2023-11-24 01:25:01', '2023-11-24 01:26:01'),
	(1031338, 8, 14002, 2295, 2, 2, 'M. Ortíz', '2023-09-15', '20:00:00', 'FT', '2023-11-24 01:25:01', '2023-11-24 01:26:01'),
	(1031339, 8, 2280, 2281, 2, 1, 'E. Miranda', '2023-09-15', '22:10:00', 'FT', '2023-11-24 01:25:01', '2023-11-24 01:26:01'),
	(1031340, 8, 2288, 2298, 1, 1, 'B. González', '2023-09-16', '18:00:00', 'FT', '2023-11-24 01:25:01', '2023-11-24 01:26:01'),
	(1031341, 8, 2286, 2314, 3, 2, 'C. Ramos', '2023-09-17', '13:00:00', 'FT', '2023-11-24 01:25:01', '2023-11-24 01:26:01'),
	(1031342, 8, 2290, 2291, 1, 1, 'V. Cáceres', '2023-09-17', '18:00:00', 'FT', '2023-11-24 01:25:01', '2023-11-24 01:26:01'),
	(1031343, 8, 2283, 2279, 2, 0, 'A. Escobedo', '2023-09-17', '20:00:00', 'FT', '2023-11-24 01:25:01', '2023-11-24 01:26:01'),
	(1031344, 8, 2292, 2285, 3, 2, 'F. Hernández', '2023-09-18', '22:00:00', 'FT', '2023-11-24 01:25:01', '2023-11-24 01:26:01'),
	(1031345, 9, 2314, 14002, 3, 2, 'F. Hernández', '2023-09-22', '20:00:00', 'FT', '2023-11-24 01:25:01', '2023-11-24 01:26:01'),
	(1031346, 9, 2298, 2283, 1, 2, 'V. Cáceres', '2023-09-22', '20:00:00', 'FT', '2023-11-24 01:25:01', '2023-11-24 01:26:01'),
	(1031347, 9, 2291, 2286, 0, 2, 'G. Pacheco', '2023-09-22', '22:10:00', 'FT', '2023-11-24 01:25:01', '2023-11-24 01:26:01'),
	(1031348, 9, 2289, 2280, 1, 0, 'F. Guerrero', '2023-09-23', '20:00:00', 'FT', '2023-11-24 01:25:01', '2023-11-24 01:26:01'),
	(1031349, 9, 2278, 2292, 0, 0, 'C. Ramos', '2023-09-23', '20:00:00', 'FT', '2023-11-24 01:25:01', '2023-11-24 01:26:01'),
	(1031350, 9, 2279, 2282, 3, 0, 'M. Ortíz', '2023-09-23', '22:05:00', 'FT', '2023-11-24 01:25:01', '2023-11-24 01:26:01'),
	(1031351, 9, 2295, 2290, 1, 3, 'A. Quirarte', '2023-09-24', '17:00:00', 'FT', '2023-11-24 01:25:02', '2023-11-24 01:26:01'),
	(1031352, 9, 2285, 2288, 2, 5, 'Ó. Mejía', '2023-09-24', '21:05:00', 'FT', '2023-11-24 01:25:02', '2023-11-24 01:26:01'),
	(1031353, 11, 2283, 2291, 2, 3, 'I. Lopez', '2023-09-28', '21:00:00', 'FT', '2023-11-24 01:25:02', '2023-11-24 01:26:01'),
	(1031354, 11, 2290, 2289, 1, 1, 'G. Pacheco', '2023-09-29', '20:00:00', 'FT', '2023-11-24 01:25:02', '2023-11-24 01:26:01'),
	(1031355, 11, 14002, 2279, 2, 3, 'J. Lopez', '2023-09-30', '20:06:00', 'FT', '2023-11-24 01:25:02', '2023-11-24 01:26:01'),
	(1031356, 11, 2280, 2298, 5, 1, 'F. Hernández', '2023-09-29', '22:10:00', 'FT', '2023-11-24 01:25:02', '2023-11-24 01:26:01'),
	(1031357, 11, 2292, 2288, 1, 1, 'M. Terrazas', '2023-09-30', '18:00:00', 'FT', '2023-11-24 01:25:02', '2023-11-24 01:26:01'),
	(1031358, 11, 2282, 2285, 3, 0, 'F. Guerrero', '2023-11-08', '20:00:00', 'FT', '2023-11-24 01:25:02', '2023-11-24 01:26:01'),
	(1031359, 11, 2287, 2286, 1, 0, 'V. Cáceres', '2023-09-30', '19:40:00', 'FT', '2023-11-24 01:25:02', '2023-11-24 01:26:01'),
	(1031360, 11, 2281, 2278, 1, 1, 'D. Quintero', '2023-10-02', '18:20:00', 'FT', '2023-11-24 01:25:02', '2023-11-24 01:26:01'),
	(1031361, 11, 2314, 2295, 1, 2, 'A. Escobedo', '2023-09-29', '22:00:00', 'FT', '2023-11-24 01:25:02', '2023-11-24 01:26:01'),
	(1031362, 10, 2291, 2282, 1, 1, 'E. Miranda', '2023-10-03', '20:00:00', 'FT', '2023-11-24 01:25:02', '2023-11-24 01:26:01'),
	(1031363, 10, 2287, 2292, 4, 0, 'M. Ortíz', '2023-10-03', '22:00:00', 'FT', '2023-11-24 01:25:02', '2023-11-24 01:26:01'),
	(1031364, 10, 2286, 2290, 4, 0, 'L. Santander', '2023-10-04', '20:00:00', 'FT', '2023-11-24 01:25:02', '2023-11-24 01:26:01'),
	(1031365, 10, 2288, 2295, 1, 3, 'F. Guerrero', '2023-10-04', '20:00:00', 'FT', '2023-11-24 01:25:02', '2023-11-24 01:26:01'),
	(1031366, 10, 2279, 2281, 2, 2, 'C. Ramos', '2023-10-04', '22:00:00', 'FT', '2023-11-24 01:25:02', '2023-11-24 01:26:01'),
	(1031367, 10, 2278, 14002, 1, 3, 'E. Morales', '2023-09-26', '20:05:00', 'FT', '2023-11-24 01:25:02', '2023-11-24 01:26:01'),
	(1031368, 10, 2285, 2280, 2, 1, 'I. Lopez', '2023-10-04', '22:00:00', 'FT', '2023-11-24 01:25:02', '2023-11-24 01:26:01'),
	(1031369, 10, 2298, 2314, 3, 2, 'Ó. Mejía', '2023-10-25', '22:06:00', 'FT', '2023-11-24 01:25:02', '2023-11-24 01:26:01'),
	(1031370, 12, 14002, 2287, 1, 2, 'Ó. Mejía', '2023-10-06', '22:00:00', 'FT', '2023-11-24 01:25:02', '2023-11-24 01:26:01'),
	(1031371, 12, 2282, 2298, 3, 1, 'D. Quintero', '2023-10-07', '18:00:00', 'FT', '2023-11-24 01:25:02', '2023-11-24 01:26:01'),
	(1031372, 12, 2292, 2279, 1, 1, 'I. Lopez', '2023-10-07', '20:00:00', 'FT', '2023-11-24 01:25:02', '2023-11-24 01:26:01'),
	(1031373, 12, 2278, 2283, 4, 1, 'A. Escobedo', '2023-10-07', '20:00:00', 'FT', '2023-11-24 01:25:02', '2023-11-24 01:26:01'),
	(1031374, 12, 2295, 2286, 1, 4, 'C. Ramos', '2023-10-07', '22:10:00', 'FT', '2023-11-24 01:25:02', '2023-11-24 01:26:01'),
	(1031375, 12, 2281, 2290, 3, 1, 'F. Hernández', '2023-10-08', '13:00:00', 'FT', '2023-11-24 01:25:02', '2023-11-24 01:26:01'),
	(1031376, 12, 2288, 2291, 1, 2, 'G. Pacheco', '2023-10-08', '18:00:00', 'FT', '2023-11-24 01:25:02', '2023-11-24 01:26:01'),
	(1031377, 12, 2285, 2289, 0, 2, 'M. Ortíz', '2023-10-08', '20:05:00', 'FT', '2023-11-24 01:25:02', '2023-11-24 01:26:01'),
	(1031378, 12, 2280, 2314, 2, 1, 'L. Santander', '2023-10-08', '22:00:00', 'FT', '2023-11-24 01:25:02', '2023-11-24 01:26:01'),
	(1031379, 13, 2283, 14002, 1, 3, 'M. Ortíz', '2023-10-20', '20:00:00', 'FT', '2023-11-24 01:25:02', '2023-11-24 01:26:01'),
	(1031380, 13, 2298, 2292, 0, 1, 'F. Guerrero', '2023-10-20', '20:06:00', 'FT', '2023-11-24 01:25:02', '2023-11-24 01:26:01'),
	(1031381, 13, 2289, 2281, 1, 0, 'Ó. Mejía', '2023-10-21', '18:00:00', 'FT', '2023-11-24 01:25:02', '2023-11-24 01:26:01'),
	(1031382, 13, 2287, 2285, 4, 3, 'C. Ramos', '2023-10-21', '20:00:00', 'FT', '2023-11-24 01:25:02', '2023-11-24 01:26:01'),
	(1031383, 13, 2279, 2295, 2, 1, 'E. Morales', '2023-10-21', '22:10:00', 'FT', '2023-11-24 01:25:02', '2023-11-24 01:26:01'),
	(1031384, 13, 2286, 2282, 0, 1, 'I. Lopez', '2023-10-22', '13:00:00', 'FT', '2023-11-24 01:25:02', '2023-11-24 01:26:01'),
	(1031385, 13, 2314, 2288, 4, 0, 'F. Hernández', '2023-10-22', '19:00:00', 'FT', '2023-11-24 01:25:02', '2023-11-24 01:26:01'),
	(1031386, 13, 2290, 2280, 1, 0, 'Ó. Macías', '2023-10-21', '20:06:00', 'FT', '2023-11-24 01:25:02', '2023-11-24 01:26:01'),
	(1031387, 14, 2288, 2286, 1, 0, 'A. Quirarte', '2023-10-27', '20:00:00', 'FT', '2023-11-24 01:25:02', '2023-11-24 01:26:01'),
	(1031388, 14, 14002, 2290, 3, 0, 'L. Santander', '2023-10-27', '22:00:00', 'FT', '2023-11-24 01:25:02', '2023-11-24 01:26:01'),
	(1031389, 14, 2295, 2289, 1, 0, 'B. González', '2023-10-28', '19:00:00', 'FT', '2023-11-24 01:25:02', '2023-11-24 01:26:01'),
	(1031390, 14, 2292, 2291, 1, 1, 'J. Camacho', '2023-10-28', '20:05:00', 'FT', '2023-11-24 01:25:02', '2023-11-24 01:26:01'),
	(1031391, 14, 2278, 2279, 0, 4, 'F. Hernández', '2023-10-28', '20:05:00', 'FT', '2023-11-24 01:25:02', '2023-11-24 01:26:01'),
	(1031392, 14, 2282, 2287, 0, 3, 'A. Escobedo', '2023-10-28', '22:10:00', 'FT', '2023-11-24 01:25:02', '2023-11-24 01:26:01'),
	(1031393, 14, 2281, 2314, 3, 1, 'C. Ramos', '2023-10-29', '12:00:00', 'FT', '2023-11-24 01:25:02', '2023-11-24 01:26:01'),
	(1031394, 14, 2285, 2298, 5, 1, 'D. Montaño', '2023-10-29', '19:05:00', 'FT', '2023-11-24 01:25:02', '2023-11-24 01:26:01'),
	(1031395, 14, 2280, 2283, 2, 0, 'D. Quintero', '2023-10-29', '21:00:00', 'FT', '2023-11-24 01:25:02', '2023-11-24 01:26:01'),
	(1031396, 15, 2290, 2278, 1, 2, 'C. Ramos', '2023-10-31', '19:00:00', 'FT', '2023-11-24 01:25:02', '2023-11-24 01:26:01'),
	(1031397, 15, 2289, 2286, 1, 1, 'A. Escobedo', '2023-10-31', '21:00:00', 'FT', '2023-11-24 01:25:02', '2023-11-24 01:26:01'),
	(1031398, 15, 2282, 2288, 3, 0, 'Ó. Mejía', '2023-10-31', '21:05:00', 'FT', '2023-11-24 01:25:02', '2023-11-24 01:26:01'),
	(1031399, 15, 2283, 2292, 0, 2, 'L. Santander', '2023-11-01', '19:00:00', 'FT', '2023-11-24 01:25:02', '2023-11-24 01:26:01'),
	(1031400, 15, 2295, 2298, 2, 0, 'D. Quintero', '2023-11-01', '19:00:00', 'FT', '2023-11-24 01:25:02', '2023-11-24 01:26:01'),
	(1031401, 15, 14002, 2285, 3, 1, 'F. Hernández', '2023-11-01', '21:00:00', 'FT', '2023-11-24 01:25:02', '2023-11-24 01:26:01'),
	(1031402, 15, 2314, 2287, 0, 1, 'F. Guerrero', '2023-11-01', '21:00:00', 'FT', '2023-11-24 01:25:02', '2023-11-24 01:26:01'),
	(1031403, 15, 2280, 2279, 2, 0, 'M. Ortíz', '2023-11-01', '21:06:00', 'FT', '2023-11-24 01:25:02', '2023-11-24 01:26:01'),
	(1031404, 16, 2291, 2289, 5, 4, 'E. Morales', '2023-11-03', '21:00:00', 'FT', '2023-11-24 01:25:02', '2023-11-24 01:26:01'),
	(1031405, 16, 2279, 2314, 2, 2, 'L. Santander', '2023-11-04', '16:55:00', 'FT', '2023-11-24 01:25:02', '2023-11-24 01:26:01'),
	(1031406, 16, 2287, 2280, 3, 0, 'Ó. Mejía', '2023-11-04', '19:00:00', 'FT', '2023-11-24 01:25:02', '2023-11-24 01:26:01'),
	(1031407, 16, 2278, 2295, 1, 0, 'A. Escobedo', '2023-11-04', '21:05:00', 'FT', '2023-11-24 01:25:02', '2023-11-24 01:26:01'),
	(1031408, 16, 2292, 2282, 0, 2, 'D. Quintero', '2023-11-04', '21:05:00', 'FT', '2023-11-24 01:25:02', '2023-11-24 01:26:01'),
	(1031409, 16, 2286, 2283, 3, 0, 'F. Guerrero', '2023-11-05', '12:00:00', 'FT', '2023-11-24 01:25:02', '2023-11-24 01:26:01'),
	(1031410, 16, 2288, 14002, 4, 0, 'C. Ramos', '2023-11-05', '16:00:00', 'FT', '2023-11-24 01:25:02', '2023-11-24 01:26:01'),
	(1031411, 16, 2285, 2281, 3, 1, 'V. Cáceres', '2023-11-05', '18:05:00', 'FT', '2023-11-24 01:25:02', '2023-11-24 01:26:01'),
	(1031412, 16, 2298, 2290, 0, 3, 'M. Ortíz', '2023-11-05', '20:06:00', 'FT', '2023-11-24 01:25:02', '2023-11-24 01:26:01'),
	(1031413, 17, 2283, 2288, 0, 0, 'G. Pacheco', '2023-11-10', '19:00:00', 'FT', '2023-11-24 01:25:02', '2023-11-24 19:12:19'),
	(1031414, 17, 14002, 2281, 1, 0, 'A. Escobedo', '2023-11-10', '19:06:00', 'FT', '2023-11-24 01:25:02', '2023-11-24 19:12:19'),
	(1031415, 17, 2280, 2292, 2, 3, 'F. Hernández', '2023-11-10', '21:10:00', 'FT', '2023-11-24 01:25:02', '2023-11-24 19:12:19'),
	(1031416, 17, 2290, 2282, 0, 0, 'V. Cáceres', '2023-11-11', '17:00:00', 'FT', '2023-11-24 01:25:02', '2023-11-24 19:12:19'),
	(1031417, 17, 2314, 2285, 0, 2, 'M. Ortíz', '2023-11-11', '17:00:00', 'FT', '2023-11-24 01:25:02', '2023-11-24 19:12:19'),
	(1031418, 17, 2286, 2278, 1, 0, 'Ó. Mejía', '2023-11-11', '19:00:00', 'FT', '2023-11-24 01:25:02', '2023-11-24 19:12:19'),
	(1031419, 17, 2279, 2287, 0, 0, 'D. Montaño', '2023-11-11', '21:10:00', 'FT', '2023-11-24 01:25:02', '2023-11-24 19:12:19'),
	(1031420, 17, 2295, 2291, 1, 2, 'L. Santander', '2023-11-12', '18:00:00', 'FT', '2023-11-24 01:25:02', '2023-11-24 19:12:19'),
	(1031421, 17, 2289, 2298, 2, 1, 'I. Lopez', '2023-11-12', '20:05:00', 'FT', '2023-11-24 01:25:02', '2023-11-24 19:12:19'),
	(1031424, 5, 2314, 2289, 3, 0, 'E. Morales', '2023-08-23', '22:00:00', 'FT', '2023-11-24 01:25:02', '2023-11-24 01:26:01'),
	(1031425, 6, 2291, 2298, 1, 0, 'D. Montaño', '2023-08-25', '20:00:00', 'FT', '2023-11-24 01:25:02', '2023-11-24 01:26:01'),
	(1031426, 9, 2281, 2287, 1, 1, 'A. Escobedo', '2023-09-24', '13:00:00', 'FT', '2023-11-24 01:25:02', '2023-11-24 01:26:01'),
	(1031427, 10, 2289, 2283, 1, 1, 'D. Montaño', '2023-10-24', '20:00:00', 'FT', '2023-11-24 01:25:02', '2023-11-24 01:26:01'),
	(1031428, 13, 2291, 2278, 0, 2, 'V. Cáceres', '2023-10-20', '22:10:00', 'FT', '2023-11-24 01:25:02', '2023-11-24 01:26:02'),
	(1031429, 15, 2281, 2291, 0, 1, 'Ó. Macías', '2023-10-31', '19:00:00', 'FT', '2023-11-24 01:25:02', '2023-11-24 01:26:02'),
	(1142042, 19, 2278, 2286, NULL, NULL, NULL, '2023-11-29', '15:00:00', 'NS', '2023-11-24 01:25:02', '2023-11-24 01:26:02'),
	(1142043, 19, 2286, 2278, NULL, NULL, NULL, '2023-12-01', '18:00:00', 'NS', '2023-11-24 01:25:02', '2023-11-24 18:26:25'),
	(1142057, 19, 2291, 2279, NULL, NULL, NULL, '2023-11-29', '15:00:00', 'NS', '2023-11-24 01:25:02', '2023-11-24 01:26:02'),
	(1142058, 19, 2279, 2291, NULL, NULL, NULL, '2023-12-01', '18:00:00', 'NS', '2023-11-24 01:25:02', '2023-11-24 18:26:25'),
	(1142059, 18, 2314, 2289, 3, 2, 'Adonai Escobedo Gonzalez, Mexico', '2023-11-23', '19:00:00', 'FT', '2023-11-24 01:25:02', '2023-11-24 18:26:25'),
	(1142060, 18, 2285, 14002, 2, 1, 'F. Guerrero', '2023-11-23', '21:10:00', 'FT', '2023-11-24 01:25:02', '2023-11-24 18:26:25'),
	(1144265, 19, 2289, 2287, NULL, NULL, NULL, '2023-11-29', '19:06:00', 'NS', '2023-11-29 00:58:40', '2023-11-29 00:58:40'),
	(1144266, 19, 2314, 2282, NULL, NULL, NULL, '2023-11-29', '21:10:00', 'NS', '2023-11-29 00:58:41', '2023-11-29 00:58:41'),
	(1144267, 19, 2282, 2314, NULL, NULL, NULL, '2023-12-02', '21:10:00', 'NS', '2023-11-29 00:58:41', '2023-11-29 00:58:41'),
	(1144268, 20, 2289, 2285, 0, 0, 'C. Ramos', '2023-11-26', '20:06:00', '', '2023-11-29 00:58:41', '2023-11-29 00:58:41'),
	(1144390, 19, 2287, 2289, NULL, NULL, NULL, '2023-12-02', '19:00:00', '', '2023-11-29 00:58:41', '2023-11-29 00:58:41');

-- Volcando estructura para tabla juguemos_la_reta.jobs
CREATE TABLE IF NOT EXISTS `jobs` (
  `id` bigint(20) unsigned NOT NULL AUTO_INCREMENT,
  `queue` varchar(255) COLLATE utf8mb4_unicode_ci NOT NULL,
  `payload` longtext COLLATE utf8mb4_unicode_ci NOT NULL,
  `attempts` tinyint(3) unsigned NOT NULL,
  `reserved_at` int(10) unsigned DEFAULT NULL,
  `available_at` int(10) unsigned NOT NULL,
  `created_at` int(10) unsigned NOT NULL,
  PRIMARY KEY (`id`),
  KEY `jobs_queue_index` (`queue`)
) ENGINE=InnoDB DEFAULT CHARSET=utf8mb4 COLLATE=utf8mb4_unicode_ci;

-- Volcando datos para la tabla juguemos_la_reta.jobs: ~0 rows (aproximadamente)

-- Volcando estructura para tabla juguemos_la_reta.leagues
CREATE TABLE IF NOT EXISTS `leagues` (
  `id` bigint(20) unsigned NOT NULL,
  `slug` varchar(250) COLLATE utf8mb4_unicode_ci NOT NULL,
  `name` varchar(100) COLLATE utf8mb4_unicode_ci NOT NULL,
  `logo` varchar(200) COLLATE utf8mb4_unicode_ci NOT NULL,
  `country_id` bigint(20) unsigned DEFAULT NULL,
  `created_at` timestamp NULL DEFAULT NULL,
  `updated_at` timestamp NULL DEFAULT NULL,
  KEY `leagues_country_id_foreign` (`country_id`),
  CONSTRAINT `leagues_country_id_foreign` FOREIGN KEY (`country_id`) REFERENCES `countries` (`id`)
) ENGINE=InnoDB DEFAULT CHARSET=utf8mb4 COLLATE=utf8mb4_unicode_ci;

-- Volcando datos para la tabla juguemos_la_reta.leagues: ~0 rows (aproximadamente)
INSERT INTO `leagues` (`id`, `slug`, `name`, `logo`, `country_id`, `created_at`, `updated_at`) VALUES
	(262, 'liga-mx', 'Liga MX', 'https://media-4.api-sports.io/football/leagues/262.png', 1, '2023-11-24 01:02:05', '2023-11-24 01:02:05');

-- Volcando estructura para tabla juguemos_la_reta.matchdays
CREATE TABLE IF NOT EXISTS `matchdays` (
  `id` bigint(20) unsigned NOT NULL AUTO_INCREMENT,
  `slug` varchar(300) COLLATE utf8mb4_unicode_ci NOT NULL,
  `name` varchar(150) COLLATE utf8mb4_unicode_ci NOT NULL,
  `current` smallint(6) NOT NULL,
  `league_id` bigint(20) unsigned NOT NULL,
  `number_matches` smallint(6) DEFAULT NULL,
  `active` smallint(6) NOT NULL DEFAULT 0,
  `visible` smallint(6) NOT NULL DEFAULT 0,
  `price` int(11) DEFAULT NULL,
  `high_prize` int(11) DEFAULT NULL,
  `low_prize` int(11) DEFAULT NULL,
  `start_date` datetime DEFAULT NULL,
  `end_date` datetime DEFAULT NULL,
  `created_at` timestamp NULL DEFAULT NULL,
  `updated_at` timestamp NULL DEFAULT NULL,
  `deleted_at` timestamp NULL DEFAULT NULL,
  PRIMARY KEY (`id`)
) ENGINE=InnoDB AUTO_INCREMENT=21 DEFAULT CHARSET=utf8mb4 COLLATE=utf8mb4_unicode_ci;

-- Volcando datos para la tabla juguemos_la_reta.matchdays: ~19 rows (aproximadamente)
INSERT INTO `matchdays` (`id`, `slug`, `name`, `current`, `league_id`, `number_matches`, `active`, `visible`, `price`, `high_prize`, `low_prize`, `start_date`, `end_date`, `created_at`, `updated_at`, `deleted_at`) VALUES
	(1, 'apertura-1', 'Apertura - 1', 0, 262, 9, 0, 0, 50, NULL, NULL, '2023-06-30 20:00:00', '2023-07-03 21:00:00', '2023-11-24 01:02:08', '2023-11-24 01:25:02', NULL),
	(2, 'apertura-2', 'Apertura - 2', 0, 262, 9, 0, 0, 50, NULL, NULL, '2023-07-07 20:00:00', '2023-07-10 21:00:00', '2023-11-24 01:02:08', '2023-11-24 01:25:02', NULL),
	(3, 'apertura-3', 'Apertura - 3', 0, 262, 9, 0, 0, 50, NULL, NULL, '2023-07-13 20:05:00', '2023-07-16 21:15:00', '2023-11-24 01:02:08', '2023-11-24 01:25:02', NULL),
	(4, 'apertura-4', 'Apertura - 4', 0, 262, 9, 0, 0, 50, NULL, NULL, '2023-08-18 22:06:00', '2023-08-20 20:06:00', '2023-11-24 01:02:08', '2023-11-24 01:25:02', NULL),
	(5, 'apertura-5', 'Apertura - 5', 0, 262, 9, 0, 0, 50, NULL, NULL, '2023-08-23 20:00:00', '2023-08-23 22:00:00', '2023-11-24 01:02:08', '2023-11-24 01:25:02', NULL),
	(6, 'apertura-6', 'Apertura - 6', 0, 262, 9, 0, 0, 50, NULL, NULL, '2023-08-25 22:10:00', '2023-08-25 20:00:00', '2023-11-24 01:02:08', '2023-11-24 01:25:02', NULL),
	(7, 'apertura-7', 'Apertura - 7', 0, 262, 9, 0, 0, 50, NULL, NULL, '2023-09-03 21:00:00', '2023-09-03 13:00:00', '2023-11-24 01:02:08', '2023-11-24 01:25:02', NULL),
	(8, 'apertura-8', 'Apertura - 8', 0, 262, 9, 0, 0, 50, NULL, NULL, '2023-09-16 20:00:00', '2023-09-18 22:00:00', '2023-11-24 01:02:08', '2023-11-24 01:25:02', NULL),
	(9, 'apertura-9', 'Apertura - 9', 0, 262, 9, 0, 0, 50, NULL, NULL, '2023-09-22 20:00:00', '2023-09-24 13:00:00', '2023-11-24 01:02:08', '2023-11-24 01:25:02', NULL),
	(10, 'apertura-11', 'Apertura - 11', 0, 262, 9, 0, 0, 50, NULL, NULL, '2023-10-03 20:00:00', '2023-10-24 20:00:00', '2023-11-24 01:02:08', '2023-11-24 01:25:02', NULL),
	(11, 'apertura-10', 'Apertura - 10', 0, 262, 9, 0, 0, 50, NULL, NULL, '2023-09-28 21:00:00', '2023-09-29 22:00:00', '2023-11-24 01:02:08', '2023-11-24 01:25:02', NULL),
	(12, 'apertura-12', 'Apertura - 12', 0, 262, 9, 0, 0, 50, NULL, NULL, '2023-10-06 22:00:00', '2023-10-08 22:00:00', '2023-11-24 01:02:08', '2023-11-24 01:25:02', NULL),
	(13, 'apertura-13', 'Apertura - 13', 0, 262, 9, 0, 0, 50, NULL, NULL, '2023-10-20 20:00:00', '2023-10-20 22:10:00', '2023-11-24 01:02:08', '2023-11-24 01:25:02', NULL),
	(14, 'apertura-14', 'Apertura - 14', 0, 262, 9, 0, 0, 50, NULL, NULL, '2023-10-27 20:00:00', '2023-10-29 21:00:00', '2023-11-24 01:02:08', '2023-11-24 01:25:02', NULL),
	(15, 'apertura-15', 'Apertura - 15', 0, 262, 9, 0, 0, 50, NULL, NULL, '2023-10-31 19:00:00', '2023-10-31 19:00:00', '2023-11-24 01:02:08', '2023-11-29 00:59:14', NULL),
	(16, 'apertura-16', 'Apertura - 16', 0, 262, 9, 0, 0, 50, NULL, NULL, '2023-11-03 21:00:00', '2023-11-05 20:06:00', '2023-11-24 01:02:08', '2023-11-29 00:59:16', NULL),
	(17, 'apertura-17', 'Apertura - 17', 0, 262, 9, 0, 1, 50, 210, NULL, '2023-11-10 19:00:00', '2023-11-12 20:05:00', '2023-11-24 01:02:08', '2023-11-24 19:12:19', NULL),
	(18, 'apertura-reclasificacion', 'Apertura - Reclasificación', 0, 262, 2, 0, 1, 50, NULL, NULL, '2023-11-23 19:00:00', '2023-11-23 21:10:00', '2023-11-24 01:02:08', '2023-11-29 00:59:11', NULL),
	(19, 'apertura-quarter-finals', 'Apertura - Quarter-finals', 1, 262, 8, 1, 1, 50, NULL, NULL, '2023-11-29 15:00:00', '2023-12-02 19:00:00', '2023-11-24 01:02:08', '2023-11-29 00:59:20', NULL),
	(20, 'apertura-play-offs', 'Apertura - Play-offs', 0, 262, 1, 0, 1, 50, NULL, NULL, '2023-11-26 20:06:00', '2023-11-26 20:06:00', '2023-11-29 00:58:38', '2023-11-29 00:59:18', NULL);

-- Volcando estructura para tabla juguemos_la_reta.matches
CREATE TABLE IF NOT EXISTS `matches` (
  `id` bigint(20) unsigned NOT NULL AUTO_INCREMENT,
  `matchday_id` bigint(20) unsigned NOT NULL,
  `game_id` bigint(20) unsigned NOT NULL,
  `result` varchar(1) COLLATE utf8mb4_unicode_ci DEFAULT NULL,
  `created_at` timestamp NULL DEFAULT NULL,
  `updated_at` timestamp NULL DEFAULT NULL,
  PRIMARY KEY (`id`),
  KEY `matches_matchday_id_foreign` (`matchday_id`),
  CONSTRAINT `matches_matchday_id_foreign` FOREIGN KEY (`matchday_id`) REFERENCES `matchdays` (`id`)
) ENGINE=InnoDB AUTO_INCREMENT=165 DEFAULT CHARSET=utf8mb4 COLLATE=utf8mb4_unicode_ci;

-- Volcando datos para la tabla juguemos_la_reta.matches: ~159 rows (aproximadamente)
INSERT INTO `matches` (`id`, `matchday_id`, `game_id`, `result`, `created_at`, `updated_at`) VALUES
	(1, 1, 1031275, 'V', '2023-11-24 01:25:01', '2023-11-24 01:25:01'),
	(2, 1, 1031276, 'V', '2023-11-24 01:25:01', '2023-11-24 01:25:01'),
	(3, 1, 1031277, 'E', '2023-11-24 01:25:01', '2023-11-24 01:25:01'),
	(4, 1, 1031278, 'E', '2023-11-24 01:25:01', '2023-11-24 01:25:01'),
	(5, 1, 1031279, 'E', '2023-11-24 01:25:01', '2023-11-24 01:25:01'),
	(6, 1, 1031280, 'L', '2023-11-24 01:25:01', '2023-11-24 01:25:01'),
	(7, 1, 1031281, 'E', '2023-11-24 01:25:01', '2023-11-24 01:25:01'),
	(8, 1, 1031282, 'V', '2023-11-24 01:25:01', '2023-11-24 01:25:01'),
	(9, 1, 1031283, 'V', '2023-11-24 01:25:01', '2023-11-24 01:25:01'),
	(10, 2, 1031284, 'V', '2023-11-24 01:25:01', '2023-11-24 01:25:01'),
	(11, 2, 1031285, 'E', '2023-11-24 01:25:01', '2023-11-24 01:25:01'),
	(12, 2, 1031286, 'L', '2023-11-24 01:25:01', '2023-11-24 01:25:01'),
	(13, 2, 1031287, 'L', '2023-11-24 01:25:01', '2023-11-24 01:25:01'),
	(14, 2, 1031288, 'V', '2023-11-24 01:25:01', '2023-11-24 01:25:01'),
	(15, 2, 1031289, 'E', '2023-11-24 01:25:01', '2023-11-24 01:25:01'),
	(16, 2, 1031290, 'E', '2023-11-24 01:25:01', '2023-11-24 01:25:01'),
	(17, 2, 1031291, 'V', '2023-11-24 01:25:01', '2023-11-24 01:25:01'),
	(18, 2, 1031292, 'L', '2023-11-24 01:25:01', '2023-11-24 01:25:01'),
	(19, 3, 1031293, 'E', '2023-11-24 01:25:01', '2023-11-24 01:25:01'),
	(20, 3, 1031294, 'L', '2023-11-24 01:25:01', '2023-11-24 01:25:01'),
	(21, 3, 1031295, 'V', '2023-11-24 01:25:01', '2023-11-24 01:25:01'),
	(22, 3, 1031296, 'L', '2023-11-24 01:25:01', '2023-11-24 01:25:01'),
	(23, 3, 1031297, 'L', '2023-11-24 01:25:01', '2023-11-24 01:25:01'),
	(24, 3, 1031298, 'L', '2023-11-24 01:25:01', '2023-11-24 01:25:01'),
	(25, 3, 1031299, 'L', '2023-11-24 01:25:01', '2023-11-24 01:25:01'),
	(26, 3, 1031300, 'V', '2023-11-24 01:25:01', '2023-11-24 01:25:01'),
	(27, 3, 1031301, 'E', '2023-11-24 01:25:01', '2023-11-24 01:25:01'),
	(28, 4, 1031302, 'V', '2023-11-24 01:25:01', '2023-11-24 01:25:01'),
	(29, 4, 1031303, 'E', '2023-11-24 01:25:01', '2023-11-24 01:25:01'),
	(30, 4, 1031304, 'V', '2023-11-24 01:25:01', '2023-11-24 01:25:01'),
	(31, 4, 1031305, 'L', '2023-11-24 01:25:01', '2023-11-24 01:25:01'),
	(32, 4, 1031306, 'L', '2023-11-24 01:25:01', '2023-11-24 01:25:01'),
	(33, 4, 1031307, 'E', '2023-11-24 01:25:01', '2023-11-24 01:25:01'),
	(34, 4, 1031308, 'E', '2023-11-24 01:25:01', '2023-11-24 01:25:01'),
	(35, 4, 1031309, 'E', '2023-11-24 01:25:01', '2023-11-24 01:25:01'),
	(36, 4, 1031310, 'E', '2023-11-24 01:25:01', '2023-11-24 01:25:01'),
	(37, 5, 1031311, 'L', '2023-11-24 01:25:01', '2023-11-24 01:25:01'),
	(38, 5, 1031312, 'L', '2023-11-24 01:25:01', '2023-11-24 01:25:01'),
	(39, 5, 1031313, 'V', '2023-11-24 01:25:01', '2023-11-24 01:25:01'),
	(40, 5, 1031314, 'L', '2023-11-24 01:25:01', '2023-11-24 01:25:01'),
	(41, 5, 1031315, 'L', '2023-11-24 01:25:01', '2023-11-24 01:25:01'),
	(42, 5, 1031316, 'L', '2023-11-24 01:25:01', '2023-11-24 01:25:01'),
	(43, 5, 1031317, 'L', '2023-11-24 01:25:01', '2023-11-24 01:25:01'),
	(44, 5, 1031318, 'L', '2023-11-24 01:25:01', '2023-11-24 01:25:01'),
	(45, 6, 1031319, 'E', '2023-11-24 01:25:01', '2023-11-24 01:25:01'),
	(46, 6, 1031320, 'E', '2023-11-24 01:25:01', '2023-11-24 01:25:01'),
	(47, 6, 1031321, 'E', '2023-11-24 01:25:01', '2023-11-24 01:25:01'),
	(48, 6, 1031322, 'L', '2023-11-24 01:25:01', '2023-11-24 01:25:01'),
	(49, 6, 1031323, 'V', '2023-11-24 01:25:01', '2023-11-24 01:25:01'),
	(50, 6, 1031324, 'L', '2023-11-24 01:25:01', '2023-11-24 01:25:01'),
	(51, 6, 1031325, 'V', '2023-11-24 01:25:01', '2023-11-24 01:25:01'),
	(52, 6, 1031326, 'V', '2023-11-24 01:25:01', '2023-11-24 01:25:01'),
	(53, 7, 1031327, 'L', '2023-11-24 01:25:01', '2023-11-24 01:25:01'),
	(54, 7, 1031328, 'L', '2023-11-24 01:25:01', '2023-11-24 01:25:01'),
	(55, 7, 1031329, 'L', '2023-11-24 01:25:01', '2023-11-24 01:25:01'),
	(56, 7, 1031330, 'V', '2023-11-24 01:25:01', '2023-11-24 01:25:01'),
	(57, 7, 1031331, 'E', '2023-11-24 01:25:01', '2023-11-24 01:25:01'),
	(58, 7, 1031332, 'L', '2023-11-24 01:25:01', '2023-11-24 01:25:01'),
	(59, 7, 1031333, 'L', '2023-11-24 01:25:01', '2023-11-24 01:25:01'),
	(60, 7, 1031334, 'V', '2023-11-24 01:25:01', '2023-11-24 01:25:01'),
	(61, 7, 1031335, 'L', '2023-11-24 01:25:01', '2023-11-24 01:25:01'),
	(62, 8, 1031336, 'L', '2023-11-24 01:25:01', '2023-11-24 01:25:01'),
	(63, 8, 1031337, 'L', '2023-11-24 01:25:01', '2023-11-24 01:25:01'),
	(64, 8, 1031338, 'E', '2023-11-24 01:25:01', '2023-11-24 01:25:01'),
	(65, 8, 1031339, 'L', '2023-11-24 01:25:01', '2023-11-24 01:25:01'),
	(66, 8, 1031340, 'E', '2023-11-24 01:25:01', '2023-11-24 01:25:01'),
	(67, 8, 1031341, 'L', '2023-11-24 01:25:01', '2023-11-24 01:25:01'),
	(68, 8, 1031342, 'E', '2023-11-24 01:25:01', '2023-11-24 01:25:01'),
	(69, 8, 1031343, 'L', '2023-11-24 01:25:01', '2023-11-24 01:25:01'),
	(70, 8, 1031344, 'L', '2023-11-24 01:25:01', '2023-11-24 01:25:01'),
	(71, 9, 1031345, 'L', '2023-11-24 01:25:01', '2023-11-24 01:25:01'),
	(72, 9, 1031346, 'V', '2023-11-24 01:25:01', '2023-11-24 01:25:01'),
	(73, 9, 1031347, 'V', '2023-11-24 01:25:01', '2023-11-24 01:25:01'),
	(74, 9, 1031348, 'L', '2023-11-24 01:25:01', '2023-11-24 01:25:01'),
	(75, 9, 1031349, 'E', '2023-11-24 01:25:01', '2023-11-24 01:25:01'),
	(76, 9, 1031350, 'L', '2023-11-24 01:25:02', '2023-11-24 01:25:02'),
	(77, 9, 1031351, 'V', '2023-11-24 01:25:02', '2023-11-24 01:25:02'),
	(78, 9, 1031352, 'V', '2023-11-24 01:25:02', '2023-11-24 01:25:02'),
	(79, 11, 1031353, 'V', '2023-11-24 01:25:02', '2023-11-24 01:25:02'),
	(80, 11, 1031354, 'E', '2023-11-24 01:25:02', '2023-11-24 01:25:02'),
	(81, 11, 1031355, 'V', '2023-11-24 01:25:02', '2023-11-24 01:25:02'),
	(82, 11, 1031356, 'L', '2023-11-24 01:25:02', '2023-11-24 01:25:02'),
	(83, 11, 1031357, 'E', '2023-11-24 01:25:02', '2023-11-24 01:25:02'),
	(84, 11, 1031358, 'L', '2023-11-24 01:25:02', '2023-11-24 01:25:02'),
	(85, 11, 1031359, 'L', '2023-11-24 01:25:02', '2023-11-24 01:25:02'),
	(86, 11, 1031360, 'E', '2023-11-24 01:25:02', '2023-11-24 01:25:02'),
	(87, 11, 1031361, 'V', '2023-11-24 01:25:02', '2023-11-24 01:25:02'),
	(88, 10, 1031362, 'E', '2023-11-24 01:25:02', '2023-11-24 01:25:02'),
	(89, 10, 1031363, 'L', '2023-11-24 01:25:02', '2023-11-24 01:25:02'),
	(90, 10, 1031364, 'L', '2023-11-24 01:25:02', '2023-11-24 01:25:02'),
	(91, 10, 1031365, 'V', '2023-11-24 01:25:02', '2023-11-24 01:25:02'),
	(92, 10, 1031366, 'E', '2023-11-24 01:25:02', '2023-11-24 01:25:02'),
	(93, 10, 1031367, 'V', '2023-11-24 01:25:02', '2023-11-24 01:25:02'),
	(94, 10, 1031368, 'L', '2023-11-24 01:25:02', '2023-11-24 01:25:02'),
	(95, 10, 1031369, 'L', '2023-11-24 01:25:02', '2023-11-24 01:25:02'),
	(96, 12, 1031370, 'V', '2023-11-24 01:25:02', '2023-11-24 01:25:02'),
	(97, 12, 1031371, 'L', '2023-11-24 01:25:02', '2023-11-24 01:25:02'),
	(98, 12, 1031372, 'E', '2023-11-24 01:25:02', '2023-11-24 01:25:02'),
	(99, 12, 1031373, 'L', '2023-11-24 01:25:02', '2023-11-24 01:25:02'),
	(100, 12, 1031374, 'V', '2023-11-24 01:25:02', '2023-11-24 01:25:02'),
	(101, 12, 1031375, 'L', '2023-11-24 01:25:02', '2023-11-24 01:25:02'),
	(102, 12, 1031376, 'V', '2023-11-24 01:25:02', '2023-11-24 01:25:02'),
	(103, 12, 1031377, 'V', '2023-11-24 01:25:02', '2023-11-24 01:25:02'),
	(104, 12, 1031378, 'L', '2023-11-24 01:25:02', '2023-11-24 01:25:02'),
	(105, 13, 1031379, 'V', '2023-11-24 01:25:02', '2023-11-24 01:25:02'),
	(106, 13, 1031380, 'V', '2023-11-24 01:25:02', '2023-11-24 01:25:02'),
	(107, 13, 1031381, 'L', '2023-11-24 01:25:02', '2023-11-24 01:25:02'),
	(108, 13, 1031382, 'L', '2023-11-24 01:25:02', '2023-11-24 01:25:02'),
	(109, 13, 1031383, 'L', '2023-11-24 01:25:02', '2023-11-24 01:25:02'),
	(110, 13, 1031384, 'V', '2023-11-24 01:25:02', '2023-11-24 01:25:02'),
	(111, 13, 1031385, 'L', '2023-11-24 01:25:02', '2023-11-24 01:25:02'),
	(112, 13, 1031386, 'L', '2023-11-24 01:25:02', '2023-11-24 01:25:02'),
	(113, 14, 1031387, 'L', '2023-11-24 01:25:02', '2023-11-24 01:25:02'),
	(114, 14, 1031388, 'L', '2023-11-24 01:25:02', '2023-11-24 01:25:02'),
	(115, 14, 1031389, 'L', '2023-11-24 01:25:02', '2023-11-24 01:25:02'),
	(116, 14, 1031390, 'E', '2023-11-24 01:25:02', '2023-11-24 01:25:02'),
	(117, 14, 1031391, 'V', '2023-11-24 01:25:02', '2023-11-24 01:25:02'),
	(118, 14, 1031392, 'V', '2023-11-24 01:25:02', '2023-11-24 01:25:02'),
	(119, 14, 1031393, 'L', '2023-11-24 01:25:02', '2023-11-24 01:25:02'),
	(120, 14, 1031394, 'L', '2023-11-24 01:25:02', '2023-11-24 01:25:02'),
	(121, 14, 1031395, 'L', '2023-11-24 01:25:02', '2023-11-24 01:25:02'),
	(122, 15, 1031396, 'V', '2023-11-24 01:25:02', '2023-11-24 01:25:02'),
	(123, 15, 1031397, 'E', '2023-11-24 01:25:02', '2023-11-24 01:25:02'),
	(124, 15, 1031398, 'L', '2023-11-24 01:25:02', '2023-11-24 01:25:02'),
	(125, 15, 1031399, 'V', '2023-11-24 01:25:02', '2023-11-24 01:25:02'),
	(126, 15, 1031400, 'L', '2023-11-24 01:25:02', '2023-11-24 01:25:02'),
	(127, 15, 1031401, 'L', '2023-11-24 01:25:02', '2023-11-24 01:25:02'),
	(128, 15, 1031402, 'V', '2023-11-24 01:25:02', '2023-11-24 01:25:02'),
	(129, 15, 1031403, 'L', '2023-11-24 01:25:02', '2023-11-24 01:25:02'),
	(130, 16, 1031404, 'L', '2023-11-24 01:25:02', '2023-11-24 01:25:02'),
	(131, 16, 1031405, 'E', '2023-11-24 01:25:02', '2023-11-24 01:25:02'),
	(132, 16, 1031406, 'L', '2023-11-24 01:25:02', '2023-11-24 01:25:02'),
	(133, 16, 1031407, 'L', '2023-11-24 01:25:02', '2023-11-24 01:25:02'),
	(134, 16, 1031408, 'V', '2023-11-24 01:25:02', '2023-11-24 01:25:02'),
	(135, 16, 1031409, 'L', '2023-11-24 01:25:02', '2023-11-24 01:25:02'),
	(136, 16, 1031410, 'L', '2023-11-24 01:25:02', '2023-11-24 01:25:02'),
	(137, 16, 1031411, 'L', '2023-11-24 01:25:02', '2023-11-24 01:25:02'),
	(138, 16, 1031412, 'V', '2023-11-24 01:25:02', '2023-11-24 01:25:02'),
	(139, 17, 1031413, 'E', '2023-11-24 01:25:02', '2023-11-24 01:25:02'),
	(140, 17, 1031414, 'L', '2023-11-24 01:25:02', '2023-11-24 01:25:02'),
	(141, 17, 1031415, 'V', '2023-11-24 01:25:02', '2023-11-24 01:25:02'),
	(142, 17, 1031416, 'E', '2023-11-24 01:25:02', '2023-11-24 01:25:02'),
	(143, 17, 1031417, 'V', '2023-11-24 01:25:02', '2023-11-24 01:25:02'),
	(144, 17, 1031418, 'L', '2023-11-24 01:25:02', '2023-11-24 01:25:02'),
	(145, 17, 1031419, 'E', '2023-11-24 01:25:02', '2023-11-24 01:25:02'),
	(146, 17, 1031420, 'V', '2023-11-24 01:25:02', '2023-11-24 01:25:02'),
	(147, 17, 1031421, 'L', '2023-11-24 01:25:02', '2023-11-24 01:25:02'),
	(148, 5, 1031424, 'L', '2023-11-24 01:25:02', '2023-11-24 01:25:02'),
	(149, 6, 1031425, 'L', '2023-11-24 01:25:02', '2023-11-24 01:25:02'),
	(150, 9, 1031426, 'E', '2023-11-24 01:25:02', '2023-11-24 01:25:02'),
	(151, 10, 1031427, 'E', '2023-11-24 01:25:02', '2023-11-24 01:25:02'),
	(152, 13, 1031428, 'V', '2023-11-24 01:25:02', '2023-11-24 01:25:02'),
	(153, 15, 1031429, 'V', '2023-11-24 01:25:02', '2023-11-24 01:25:02'),
	(154, 19, 1142042, NULL, '2023-11-24 01:25:02', '2023-11-24 01:25:02'),
	(155, 19, 1142043, NULL, '2023-11-24 01:25:02', '2023-11-24 01:25:02'),
	(156, 19, 1142057, NULL, '2023-11-24 01:25:02', '2023-11-24 01:25:02'),
	(157, 19, 1142058, NULL, '2023-11-24 01:25:02', '2023-11-24 01:25:02'),
	(158, 18, 1142059, 'L', '2023-11-24 01:25:02', '2023-11-24 18:26:25'),
	(159, 18, 1142060, 'L', '2023-11-24 01:25:02', '2023-11-24 18:26:25'),
	(160, 19, 1144265, NULL, '2023-11-29 00:58:41', '2023-11-29 00:58:41'),
	(161, 19, 1144266, NULL, '2023-11-29 00:58:41', '2023-11-29 00:58:41'),
	(162, 19, 1144267, NULL, '2023-11-29 00:58:41', '2023-11-29 00:58:41'),
	(163, 20, 1144268, 'L', '2023-11-29 00:58:41', '2023-11-29 00:58:41'),
	(164, 19, 1144390, NULL, '2023-11-29 00:58:41', '2023-11-29 00:58:41');

-- Volcando estructura para tabla juguemos_la_reta.migrations
CREATE TABLE IF NOT EXISTS `migrations` (
  `id` int(10) unsigned NOT NULL AUTO_INCREMENT,
  `migration` varchar(255) COLLATE utf8mb4_unicode_ci NOT NULL,
  `batch` int(11) NOT NULL,
  PRIMARY KEY (`id`)
) ENGINE=InnoDB AUTO_INCREMENT=19 DEFAULT CHARSET=utf8mb4 COLLATE=utf8mb4_unicode_ci;

-- Volcando datos para la tabla juguemos_la_reta.migrations: ~18 rows (aproximadamente)
INSERT INTO `migrations` (`id`, `migration`, `batch`) VALUES
	(1, '2014_10_12_000000_create_users_table', 1),
	(2, '2014_10_12_100000_create_password_resets_table', 1),
	(3, '2019_08_19_000000_create_failed_jobs_table', 1),
	(4, '2022_12_12_232152_create_countries_table', 1),
	(5, '2022_12_12_232226_create_national_teams_table', 1),
	(6, '2022_12_12_232235_create_leagues_table', 1),
	(7, '2022_12_12_232236_create_seasons_table', 1),
	(8, '2022_12_12_232237_create_broadcasters_table', 1),
	(9, '2022_12_12_232238_create_tournaments_table', 1),
	(10, '2022_12_12_232240_create_teams_table', 1),
	(11, '2022_12_12_232241_create_rounds_table', 1),
	(12, '2022_12_12_232242_create_games_table', 1),
	(13, '2022_12_12_232305_create_matchdays_table', 1),
	(14, '2022_12_12_232317_create_matches_table', 1),
	(15, '2022_12_12_232318_create_distribuitors_table', 1),
	(16, '2022_12_12_232621_create_user_matchdays_table', 1),
	(17, '2022_12_12_232631_create_user_matches_table', 1),
	(18, '2023_05_03_231814_create_jobs_table', 1);

-- Volcando estructura para tabla juguemos_la_reta.national_teams
CREATE TABLE IF NOT EXISTS `national_teams` (
  `id` bigint(20) unsigned NOT NULL,
  `code` varchar(5) COLLATE utf8mb4_unicode_ci NOT NULL,
  `name` varchar(100) COLLATE utf8mb4_unicode_ci NOT NULL,
  `logo` varchar(300) COLLATE utf8mb4_unicode_ci NOT NULL,
  `city` varchar(100) COLLATE utf8mb4_unicode_ci DEFAULT NULL,
  `stadium` varchar(100) COLLATE utf8mb4_unicode_ci DEFAULT NULL,
  `stadium_address` varchar(250) COLLATE utf8mb4_unicode_ci DEFAULT NULL,
  `stadium_image` varchar(300) COLLATE utf8mb4_unicode_ci DEFAULT NULL,
  `stadium_capacity` bigint(20) DEFAULT NULL,
  `active` smallint(6) NOT NULL,
  `created_at` timestamp NULL DEFAULT NULL,
  `updated_at` timestamp NULL DEFAULT NULL
) ENGINE=InnoDB DEFAULT CHARSET=utf8mb4 COLLATE=utf8mb4_unicode_ci;

-- Volcando datos para la tabla juguemos_la_reta.national_teams: ~0 rows (aproximadamente)

-- Volcando estructura para tabla juguemos_la_reta.password_resets
CREATE TABLE IF NOT EXISTS `password_resets` (
  `email` varchar(255) COLLATE utf8mb4_unicode_ci NOT NULL,
  `token` varchar(255) COLLATE utf8mb4_unicode_ci NOT NULL,
  `created_at` timestamp NULL DEFAULT NULL,
  KEY `password_resets_email_index` (`email`)
) ENGINE=InnoDB DEFAULT CHARSET=utf8mb4 COLLATE=utf8mb4_unicode_ci;

-- Volcando datos para la tabla juguemos_la_reta.password_resets: ~0 rows (aproximadamente)

-- Volcando estructura para tabla juguemos_la_reta.rounds
CREATE TABLE IF NOT EXISTS `rounds` (
  `id` bigint(20) unsigned NOT NULL AUTO_INCREMENT,
  `name` varchar(150) COLLATE utf8mb4_unicode_ci NOT NULL,
  `current` smallint(6) DEFAULT NULL,
  `league_id` bigint(20) unsigned NOT NULL,
  `created_at` timestamp NULL DEFAULT NULL,
  `updated_at` timestamp NULL DEFAULT NULL,
  PRIMARY KEY (`id`)
) ENGINE=InnoDB AUTO_INCREMENT=21 DEFAULT CHARSET=utf8mb4 COLLATE=utf8mb4_unicode_ci;

-- Volcando datos para la tabla juguemos_la_reta.rounds: ~20 rows (aproximadamente)
INSERT INTO `rounds` (`id`, `name`, `current`, `league_id`, `created_at`, `updated_at`) VALUES
	(1, 'Apertura - 1', 0, 262, '2023-11-24 01:02:08', '2023-11-24 01:02:08'),
	(2, 'Apertura - 2', 0, 262, '2023-11-24 01:02:08', '2023-11-24 01:02:08'),
	(3, 'Apertura - 3', 0, 262, '2023-11-24 01:02:08', '2023-11-24 01:02:08'),
	(4, 'Apertura - 4', 0, 262, '2023-11-24 01:02:08', '2023-11-24 01:02:08'),
	(5, 'Apertura - 5', 0, 262, '2023-11-24 01:02:08', '2023-11-24 01:02:08'),
	(6, 'Apertura - 6', 0, 262, '2023-11-24 01:02:08', '2023-11-24 01:02:08'),
	(7, 'Apertura - 7', 0, 262, '2023-11-24 01:02:08', '2023-11-24 01:02:08'),
	(8, 'Apertura - 8', 0, 262, '2023-11-24 01:02:08', '2023-11-24 01:02:08'),
	(9, 'Apertura - 9', 0, 262, '2023-11-24 01:02:08', '2023-11-24 01:02:08'),
	(10, 'Apertura - 11', 0, 262, '2023-11-24 01:02:08', '2023-11-24 01:02:08'),
	(11, 'Apertura - 10', 0, 262, '2023-11-24 01:02:08', '2023-11-24 01:02:08'),
	(12, 'Apertura - 12', 0, 262, '2023-11-24 01:02:08', '2023-11-24 01:02:08'),
	(13, 'Apertura - 13', 0, 262, '2023-11-24 01:02:08', '2023-11-24 01:02:08'),
	(14, 'Apertura - 14', 0, 262, '2023-11-24 01:02:08', '2023-11-24 01:02:08'),
	(15, 'Apertura - 15', 0, 262, '2023-11-24 01:02:08', '2023-11-24 01:02:08'),
	(16, 'Apertura - 16', 0, 262, '2023-11-24 01:02:08', '2023-11-24 01:02:08'),
	(17, 'Apertura - 17', 0, 262, '2023-11-24 01:02:08', '2023-11-24 01:02:08'),
	(18, 'Apertura - Reclasificación', 0, 262, '2023-11-24 01:02:08', '2023-11-29 00:58:38'),
	(19, 'Apertura - Quarter-finals', 1, 262, '2023-11-24 01:02:08', '2023-11-29 00:58:38'),
	(20, 'Apertura - Play-offs', 0, 262, '2023-11-29 00:58:38', '2023-11-29 00:58:38');

-- Volcando estructura para tabla juguemos_la_reta.seasons
CREATE TABLE IF NOT EXISTS `seasons` (
  `id` bigint(20) unsigned NOT NULL AUTO_INCREMENT,
  `year` varchar(4) COLLATE utf8mb4_unicode_ci NOT NULL,
  `current` smallint(6) NOT NULL,
  `start` date NOT NULL,
  `end` date NOT NULL,
  `league_id` bigint(20) unsigned NOT NULL,
  `created_at` timestamp NULL DEFAULT NULL,
  `updated_at` timestamp NULL DEFAULT NULL,
  PRIMARY KEY (`id`)
) ENGINE=InnoDB AUTO_INCREMENT=9 DEFAULT CHARSET=utf8mb4 COLLATE=utf8mb4_unicode_ci;

-- Volcando datos para la tabla juguemos_la_reta.seasons: ~8 rows (aproximadamente)
INSERT INTO `seasons` (`id`, `year`, `current`, `start`, `end`, `league_id`, `created_at`, `updated_at`) VALUES
	(1, '2016', 0, '2016-07-16', '2017-05-28', 262, '2023-11-24 01:02:05', '2023-11-24 01:02:05'),
	(2, '2017', 0, '2017-07-22', '2018-05-21', 262, '2023-11-24 01:02:05', '2023-11-24 01:02:05'),
	(3, '2018', 0, '2018-07-21', '2019-05-27', 262, '2023-11-24 01:02:05', '2023-11-24 01:02:05'),
	(4, '2019', 0, '2019-07-20', '2020-05-11', 262, '2023-11-24 01:02:05', '2023-11-24 01:02:05'),
	(5, '2020', 0, '2020-07-25', '2021-05-31', 262, '2023-11-24 01:02:05', '2023-11-24 01:02:05'),
	(6, '2021', 0, '2021-07-23', '2022-05-30', 262, '2023-11-24 01:02:05', '2023-11-24 01:02:05'),
	(7, '2022', 0, '2022-07-02', '2023-05-28', 262, '2023-11-24 01:02:05', '2023-11-24 01:02:05'),
	(8, '2023', 1, '2023-07-01', '2023-12-02', 262, '2023-11-24 01:02:05', '2023-11-24 01:02:05');

-- Volcando estructura para tabla juguemos_la_reta.teams
CREATE TABLE IF NOT EXISTS `teams` (
  `id` bigint(20) unsigned NOT NULL,
  `code` varchar(5) COLLATE utf8mb4_unicode_ci DEFAULT NULL,
  `name` varchar(100) COLLATE utf8mb4_unicode_ci NOT NULL,
  `logo` varchar(300) COLLATE utf8mb4_unicode_ci NOT NULL,
  `city` varchar(100) COLLATE utf8mb4_unicode_ci NOT NULL,
  `stadium` varchar(100) COLLATE utf8mb4_unicode_ci NOT NULL,
  `stadium_address` varchar(250) COLLATE utf8mb4_unicode_ci NOT NULL,
  `stadium_image` varchar(300) COLLATE utf8mb4_unicode_ci NOT NULL,
  `stadium_capacity` bigint(20) NOT NULL,
  `active` smallint(6) NOT NULL,
  `league_id` bigint(20) unsigned NOT NULL,
  `broadcaster_id` bigint(20) unsigned NOT NULL,
  `created_at` timestamp NULL DEFAULT NULL,
  `updated_at` timestamp NULL DEFAULT NULL,
  KEY `teams_broadcaster_id_foreign` (`broadcaster_id`),
  CONSTRAINT `teams_broadcaster_id_foreign` FOREIGN KEY (`broadcaster_id`) REFERENCES `broadcasters` (`id`)
) ENGINE=InnoDB DEFAULT CHARSET=utf8mb4 COLLATE=utf8mb4_unicode_ci;

-- Volcando datos para la tabla juguemos_la_reta.teams: ~18 rows (aproximadamente)
INSERT INTO `teams` (`id`, `code`, `name`, `logo`, `city`, `stadium`, `stadium_address`, `stadium_image`, `stadium_capacity`, `active`, `league_id`, `broadcaster_id`, `created_at`, `updated_at`) VALUES
	(2278, 'GUA', 'Guadalajara Chivas', 'https://media-4.api-sports.io/football/teams/2278.png', 'Zapopan', 'Estadio AKRON', 'Avenida Circuito JVC Número 2800, Centro JVC', 'https://media-4.api-sports.io/football/venues/1076.png', 46609, 1, 262, 1, '2023-11-24 01:02:06', '2023-11-24 01:02:06'),
	(2279, 'UAN', 'Tigres UANL', 'https://media-4.api-sports.io/football/teams/2279.png', 'San Nicolás de los Garza', 'Estadio Universitario de Nuevo León', 'Calle del Doctor Pedro de Alba, Colonia Ciudad Universitaria', 'https://media-4.api-sports.io/football/venues/1087.png', 42000, 1, 262, 5, '2023-11-24 01:02:06', '2023-11-24 01:02:06'),
	(2280, 'CLU', 'Club Tijuana', 'https://media-4.api-sports.io/football/teams/2280.png', 'Tijuana', 'Estadio Caliente', 'Boulevard Agua Caliente 12027, Colonia Hipódromo', 'https://media-4.api-sports.io/football/venues/1088.png', 33333, 1, 262, 2, '2023-11-24 01:02:06', '2023-11-24 01:02:06'),
	(2281, 'TOL', 'Toluca', 'https://media-4.api-sports.io/football/teams/2281.png', 'Toluca de Lerdo', 'Estadio Nemesio Díez', 'Felipe Villanueva No. 300, Barrio de San Bernardino', 'https://media-4.api-sports.io/football/venues/1089.png', 30000, 1, 262, 1, '2023-11-24 01:02:06', '2023-11-24 01:02:06'),
	(2282, 'MON', 'Monterrey', 'https://media-4.api-sports.io/football/teams/2282.png', 'Guadalupe', 'Estadio BBVA', 'Avenida Pablo Livas 2011, Colonia La Pastora', 'https://media-4.api-sports.io/football/venues/11905.png', 53500, 1, 262, 3, '2023-11-24 01:02:06', '2023-11-24 01:02:06'),
	(2283, 'ATL', 'Atlas', 'https://media-4.api-sports.io/football/teams/2283.png', 'Guadalajara', 'Estadio Jalisco', 'Calle 7 Colinas No. 1772, Colonia Independencia', 'https://media-4.api-sports.io/football/venues/1071.png', 56713, 1, 262, 2, '2023-11-24 01:02:06', '2023-11-24 01:02:06'),
	(2285, 'SAN', 'Santos Laguna', 'https://media-4.api-sports.io/football/teams/2285.png', 'Torreón', 'Estadio Nuevo Corona', 'Territorio Santos Modelo', 'https://media-4.api-sports.io/football/venues/1085.png', 28914, 1, 262, 6, '2023-11-24 01:02:06', '2023-11-24 01:02:06'),
	(2286, 'UNA', 'U.N.A.M. - Pumas', 'https://media-4.api-sports.io/football/teams/2286.png', 'D.F.', 'Estadio Olímpico de Universitario', 'Calle Escobar, Colonia Ciudad Universitaria, Coyoacán', 'https://media-4.api-sports.io/football/venues/1083.png', 72449, 1, 262, 1, '2023-11-24 01:02:06', '2023-11-24 01:02:06'),
	(2287, 'CLU', 'Club America', 'https://media-4.api-sports.io/football/teams/2287.png', 'D.F.', 'Estadio Azteca', 'Calzada de Tlalpan 3665, Coyoacán', 'https://media-4.api-sports.io/football/venues/1069.png', 106187, 1, 262, 1, '2023-11-24 01:02:06', '2023-11-24 01:02:06'),
	(2288, 'NEC', 'Necaxa', 'https://media-4.api-sports.io/football/teams/2288.png', 'Aguascalientes', 'Estadio Victoria de Aguascalientes', 'Avenida Manuel Madrigal 101, Colonia Héroes', 'https://media-4.api-sports.io/football/venues/1080.png', 25500, 1, 262, 2, '2023-11-24 01:02:06', '2023-11-24 01:02:06'),
	(2289, 'CLU', 'Leon', 'https://media-4.api-sports.io/football/teams/2289.png', 'León de los Aldamas', 'Estadio León (Nou Camp)', 'Boulevard Adolfo López Mateos 1810, Colonia La Martinica', 'https://media-4.api-sports.io/football/venues/1077.png', 33943, 1, 262, 3, '2023-11-24 01:02:06', '2023-11-24 01:02:06'),
	(2290, 'QUE', 'Club Queretaro', 'https://media-4.api-sports.io/football/teams/2290.png', 'Santiago de Querétaro', 'Estadio La Corregidora', 'Avenida Luis Vega Monroy 409-4', 'https://media-4.api-sports.io/football/venues/1084.png', 34130, 1, 262, 3, '2023-11-24 01:02:06', '2023-11-24 01:02:06'),
	(2291, 'PUE', 'Puebla', 'https://media-4.api-sports.io/football/teams/2291.png', 'Puebla', 'Estadio Cuauhtémoc', 'Calle Calzada Ignacio Zaragoza, Colonia Unidad Deportiva Puebla', 'https://media-4.api-sports.io/football/venues/1082.png', 51726, 1, 262, 2, '2023-11-24 01:02:06', '2023-11-24 01:02:06'),
	(2292, 'PAC', 'Pachuca', 'https://media-4.api-sports.io/football/teams/2292.png', 'Pachuca de Soto', 'Estadio Hidalgo', 'Boulevard Felipe Angeles', 'https://media-4.api-sports.io/football/venues/1081.png', 30000, 1, 262, 3, '2023-11-24 01:02:06', '2023-11-24 01:02:06'),
	(2295, 'CRU', 'Cruz Azul', 'https://media-4.api-sports.io/football/teams/2295.png', 'D.F.', 'Estadio Azteca', 'Calzada de Tlalpan 3665, Coyoacán', 'https://media-4.api-sports.io/football/venues/1069.png', 106187, 1, 262, 1, '2023-11-24 01:02:06', '2023-11-24 01:02:06'),
	(2298, NULL, 'FC Juarez', 'https://media-4.api-sports.io/football/teams/2298.png', 'Ciudad Juárez', 'Estadio Olímpico Benito Juárez', 'Avenida Heroico Colegio Militar', 'https://media-4.api-sports.io/football/venues/1845.png', 22300, 1, 262, 3, '2023-11-24 01:02:06', '2023-11-24 01:02:06'),
	(2314, 'ASL', 'Atletico San Luis', 'https://media-4.api-sports.io/football/teams/2314.png', 'San Luis Potosí', 'Estadio Alfonso Lastras Ramírez', 'Avenida Malaquita 1030', 'https://media-4.api-sports.io/football/venues/1795.png', 26400, 1, 262, 4, '2023-11-24 01:02:06', '2023-11-24 01:02:06'),
	(14002, NULL, 'Mazatlán', 'https://media-4.api-sports.io/football/teams/14002.png', 'Mazatlán', 'Estadio de Mazatlán', 'Av. Munich Fraccionamiento Pradera Dorada, Nuevo Cajeme', 'https://media-4.api-sports.io/football/venues/10546.png', 25000, 1, 262, 2, '2023-11-24 01:02:06', '2023-11-24 01:02:06');

-- Volcando estructura para tabla juguemos_la_reta.tournaments
CREATE TABLE IF NOT EXISTS `tournaments` (
  `id` bigint(20) unsigned NOT NULL AUTO_INCREMENT,
  `slug` varchar(250) COLLATE utf8mb4_unicode_ci NOT NULL,
  `name` varchar(100) COLLATE utf8mb4_unicode_ci NOT NULL,
  `logo` varchar(200) COLLATE utf8mb4_unicode_ci NOT NULL,
  `type` smallint(6) NOT NULL,
  `country_id` bigint(20) unsigned DEFAULT NULL,
  `season` varchar(10) COLLATE utf8mb4_unicode_ci NOT NULL,
  `created_at` timestamp NULL DEFAULT NULL,
  `updated_at` timestamp NULL DEFAULT NULL,
  PRIMARY KEY (`id`),
  KEY `tournaments_country_id_foreign` (`country_id`),
  CONSTRAINT `tournaments_country_id_foreign` FOREIGN KEY (`country_id`) REFERENCES `countries` (`id`)
) ENGINE=InnoDB DEFAULT CHARSET=utf8mb4 COLLATE=utf8mb4_unicode_ci;

-- Volcando datos para la tabla juguemos_la_reta.tournaments: ~0 rows (aproximadamente)

-- Volcando estructura para tabla juguemos_la_reta.users
CREATE TABLE IF NOT EXISTS `users` (
  `id` bigint(20) unsigned NOT NULL AUTO_INCREMENT,
  `name` varchar(255) COLLATE utf8mb4_unicode_ci NOT NULL,
  `email` varchar(255) COLLATE utf8mb4_unicode_ci NOT NULL,
  `whatsapp` varchar(10) COLLATE utf8mb4_unicode_ci NOT NULL,
  `password` varchar(255) COLLATE utf8mb4_unicode_ci NOT NULL,
  `facebook_id` varchar(255) COLLATE utf8mb4_unicode_ci DEFAULT NULL,
  `profile_photo` varchar(255) COLLATE utf8mb4_unicode_ci DEFAULT NULL,
  `type` varchar(1) COLLATE utf8mb4_unicode_ci DEFAULT 'G',
  `email_verified_at` timestamp NULL DEFAULT NULL,
  `remember_token` varchar(100) COLLATE utf8mb4_unicode_ci DEFAULT NULL,
  `created_at` timestamp NULL DEFAULT NULL,
  `updated_at` timestamp NULL DEFAULT NULL,
  PRIMARY KEY (`id`),
  UNIQUE KEY `users_email_unique` (`email`)
) ENGINE=InnoDB AUTO_INCREMENT=6 DEFAULT CHARSET=utf8mb4 COLLATE=utf8mb4_unicode_ci;

-- Volcando datos para la tabla juguemos_la_reta.users: ~3 rows (aproximadamente)
INSERT INTO `users` (`id`, `name`, `email`, `whatsapp`, `password`, `facebook_id`, `profile_photo`, `type`, `email_verified_at`, `remember_token`, `created_at`, `updated_at`) VALUES
	(1, 'Nestor Raul Ruiz', 'nrruizg@hotmail.com', '', '$2y$10$l2xck7OWdZpAEoNJgQ4UT.CvsgZkqLZO60e3OuHV3Rj1I7igdK/7e', NULL, NULL, 'G', NULL, NULL, '2023-11-24 01:36:32', '2023-11-24 01:36:32'),
	(2, 'Ruth Ruiz', 'rtruizg@hotmail.com', '', '$2y$10$1PHQxyDRdROuq27/95ktBeYbFi8Ak8a0V6E.F2iHFLko2CSBVzJ5i', NULL, NULL, 'G', NULL, NULL, '2023-11-24 01:50:07', '2023-11-24 01:50:07'),
	(4, 'Raul Ruiz', 'n.raulrg@gmail.com', '', '$2y$10$l2xck7OWdZpAEoNJgQ4UT.CvsgZkqLZO60e3OuHV3Rj1I7igdK/7e', NULL, NULL, 'S', NULL, NULL, '2023-11-24 01:36:32', '2023-11-24 01:36:32');

-- Volcando estructura para tabla juguemos_la_reta.user_matchdays
CREATE TABLE IF NOT EXISTS `user_matchdays` (
  `id` bigint(20) unsigned NOT NULL AUTO_INCREMENT,
  `uuid` char(36) COLLATE utf8mb4_unicode_ci NOT NULL,
  `user_id` bigint(20) unsigned NOT NULL,
  `matchday_id` bigint(20) unsigned NOT NULL,
  `distribuitor_id` bigint(20) unsigned DEFAULT NULL,
  `paid` smallint(6) NOT NULL,
  `winner` smallint(6) NOT NULL,
  `created_at` timestamp NULL DEFAULT NULL,
  `updated_at` timestamp NULL DEFAULT NULL,
  PRIMARY KEY (`id`),
  KEY `user_matchdays_user_id_foreign` (`user_id`),
  KEY `user_matchdays_matchday_id_foreign` (`matchday_id`),
  KEY `user_matchdays_distribuitor_id_foreign` (`distribuitor_id`),
  CONSTRAINT `user_matchdays_distribuitor_id_foreign` FOREIGN KEY (`distribuitor_id`) REFERENCES `distribuitors` (`id`),
  CONSTRAINT `user_matchdays_matchday_id_foreign` FOREIGN KEY (`matchday_id`) REFERENCES `matchdays` (`id`),
  CONSTRAINT `user_matchdays_user_id_foreign` FOREIGN KEY (`user_id`) REFERENCES `users` (`id`)
) ENGINE=InnoDB AUTO_INCREMENT=9 DEFAULT CHARSET=utf8mb4 COLLATE=utf8mb4_unicode_ci;

-- Volcando datos para la tabla juguemos_la_reta.user_matchdays: ~8 rows (aproximadamente)
INSERT INTO `user_matchdays` (`id`, `uuid`, `user_id`, `matchday_id`, `distribuitor_id`, `paid`, `winner`, `created_at`, `updated_at`) VALUES
	(1, 'TBNVHES5N5', 1, 17, NULL, 1, 0, '2023-11-24 01:37:25', '2023-11-24 19:02:27'),
	(2, 'TN5GHE8R97', 1, 17, NULL, 1, 0, '2023-11-24 01:38:07', '2023-11-24 19:02:27'),
	(3, 'CFUIXAPBFJ', 1, 17, NULL, 1, 0, '2023-11-24 01:38:30', '2023-11-24 19:02:27'),
	(4, 'TZXWTNPJBL', 2, 17, NULL, 1, 0, '2023-11-24 01:50:40', '2023-11-24 19:02:27'),
	(5, 'O4SNCSXBKQ', 2, 17, NULL, 1, 0, '2023-11-24 01:51:03', '2023-11-24 19:02:27'),
	(6, 'OVAXV0KAG9', 2, 17, NULL, 1, 1, '2023-11-24 01:51:29', '2023-11-24 19:12:19'),
	(7, 'TTJARI6TZZ', 1, 18, NULL, 0, 0, '2023-11-25 20:05:51', '2023-11-25 20:05:51'),
	(8, 'KBOJEIAZRH', 4, 18, NULL, 0, 0, '2023-11-28 02:15:13', '2023-11-28 02:15:13');

-- Volcando estructura para tabla juguemos_la_reta.user_matches
CREATE TABLE IF NOT EXISTS `user_matches` (
  `id` bigint(20) unsigned NOT NULL AUTO_INCREMENT,
  `uuid` char(36) COLLATE utf8mb4_unicode_ci NOT NULL,
  `user_matchday_id` bigint(20) unsigned NOT NULL,
  `match_id` bigint(20) unsigned NOT NULL,
  `prediction` varchar(1) COLLATE utf8mb4_unicode_ci NOT NULL,
  `success` varchar(1) COLLATE utf8mb4_unicode_ci NOT NULL,
  `created_at` timestamp NULL DEFAULT NULL,
  `updated_at` timestamp NULL DEFAULT NULL,
  PRIMARY KEY (`id`),
  KEY `user_matches_user_matchday_id_foreign` (`user_matchday_id`),
  KEY `user_matches_match_id_foreign` (`match_id`),
  CONSTRAINT `user_matches_match_id_foreign` FOREIGN KEY (`match_id`) REFERENCES `matches` (`id`),
  CONSTRAINT `user_matches_user_matchday_id_foreign` FOREIGN KEY (`user_matchday_id`) REFERENCES `user_matchdays` (`id`)
) ENGINE=InnoDB AUTO_INCREMENT=59 DEFAULT CHARSET=utf8mb4 COLLATE=utf8mb4_unicode_ci;

-- Volcando datos para la tabla juguemos_la_reta.user_matches: ~58 rows (aproximadamente)
INSERT INTO `user_matches` (`id`, `uuid`, `user_matchday_id`, `match_id`, `prediction`, `success`, `created_at`, `updated_at`) VALUES
	(1, '91e95de5-3d2e-480f-b90f-723646292cac', 1, 139, 'L', 'N', '2023-11-24 01:37:25', '2023-11-24 19:12:19'),
	(2, 'a3e9cd93-7346-4489-816b-fa08af7e599e', 1, 140, 'V', 'N', '2023-11-24 01:37:25', '2023-11-24 19:12:19'),
	(3, '7372fb44-ac1e-43e5-8a81-6e341bf71a5e', 1, 141, 'V', 'S', '2023-11-24 01:37:25', '2023-11-24 19:12:19'),
	(4, '4ee58819-eb11-4e30-b18d-7868af086d15', 1, 142, 'V', 'N', '2023-11-24 01:37:25', '2023-11-24 19:12:19'),
	(5, '94c38f16-6404-4712-ada9-48027c140b8e', 1, 143, 'E', 'N', '2023-11-24 01:37:25', '2023-11-24 19:12:19'),
	(6, 'faf6941f-1674-463e-9ad8-7f106984a1f3', 1, 144, 'E', 'N', '2023-11-24 01:37:25', '2023-11-24 19:12:19'),
	(7, 'bfb1083e-d3e1-4560-92ac-5bb88e61f4a8', 1, 145, 'V', 'N', '2023-11-24 01:37:25', '2023-11-24 19:12:19'),
	(8, '7442c1b8-a981-4f38-86b4-5c4c49cb8c68', 1, 146, 'L', 'N', '2023-11-24 01:37:25', '2023-11-24 19:12:19'),
	(9, 'fcdfcc04-39ce-4d4a-ab09-167a8ae15fb4', 1, 147, 'L', 'S', '2023-11-24 01:37:25', '2023-11-24 19:12:19'),
	(10, '1993d9dd-366b-48c5-af27-d7a2d5301e18', 2, 139, 'E', 'S', '2023-11-24 01:38:07', '2023-11-24 19:12:19'),
	(11, '8068521c-e827-4369-87d7-2af47ab26e24', 2, 140, 'V', 'N', '2023-11-24 01:38:07', '2023-11-24 19:12:19'),
	(12, '95a3b916-2b3e-47cf-8135-fc95c197a9f1', 2, 141, 'V', 'S', '2023-11-24 01:38:07', '2023-11-24 19:12:19'),
	(13, '4f954766-2108-4118-bfb7-f8ea658be817', 2, 142, 'V', 'N', '2023-11-24 01:38:07', '2023-11-24 19:12:19'),
	(14, '268e59a9-e051-46c8-9ed8-c408ed626267', 2, 143, 'V', 'S', '2023-11-24 01:38:07', '2023-11-24 19:12:19'),
	(15, 'a16aefb8-afc5-4fb4-a91a-3bd9f8eaff3b', 2, 144, 'L', 'S', '2023-11-24 01:38:07', '2023-11-24 19:12:19'),
	(16, '2e809203-0356-4e63-b45d-8f68cb19a7a8', 2, 145, 'V', 'N', '2023-11-24 01:38:07', '2023-11-24 19:12:19'),
	(17, 'e529b6f1-e9dc-4dc0-a937-04d83cf353b6', 2, 146, 'E', 'N', '2023-11-24 01:38:07', '2023-11-24 19:12:19'),
	(18, 'a95d70b5-ce5f-46db-a3c6-36f31885bb45', 2, 147, 'L', 'S', '2023-11-24 01:38:07', '2023-11-24 19:12:19'),
	(19, 'de1206f0-50b9-4222-8338-feaec9265c10', 3, 139, 'E', 'S', '2023-11-24 01:38:30', '2023-11-24 19:12:19'),
	(20, '27593295-6f12-4931-a589-8f2b39346657', 3, 140, 'E', 'N', '2023-11-24 01:38:30', '2023-11-24 19:12:19'),
	(21, '0cd9450e-58f2-4c8a-9f77-216e5f6afa7f', 3, 141, 'L', 'N', '2023-11-24 01:38:30', '2023-11-24 19:12:19'),
	(22, '30473b44-7e4a-4ff0-9b9a-b356106beb5b', 3, 142, 'E', 'S', '2023-11-24 01:38:30', '2023-11-24 19:12:19'),
	(23, 'b4c3cbe9-a76b-4a32-8028-9c815b485bf0', 3, 143, 'V', 'S', '2023-11-24 01:38:30', '2023-11-24 19:12:19'),
	(24, 'a57b2143-5189-4bd1-8ff7-62081282645a', 3, 144, 'E', 'N', '2023-11-24 01:38:30', '2023-11-24 19:12:19'),
	(25, 'd7a81342-c04b-4d39-b58c-7b71f1fccdc1', 3, 145, 'E', 'S', '2023-11-24 01:38:30', '2023-11-24 19:12:19'),
	(26, '792cd386-1ca6-47c5-b8ed-bd15f84de3c1', 3, 146, 'E', 'N', '2023-11-24 01:38:30', '2023-11-24 19:12:19'),
	(27, 'c687160c-9e21-4727-983a-76ca4ebe3a73', 3, 147, 'L', 'S', '2023-11-24 01:38:30', '2023-11-24 19:12:19'),
	(28, 'd63420d5-571d-47b8-b2d9-86fabc3a42f8', 4, 139, 'E', 'S', '2023-11-24 01:50:40', '2023-11-24 19:12:19'),
	(29, 'b83047d4-c866-4ec6-aa72-51774b83fae0', 4, 140, 'E', 'N', '2023-11-24 01:50:40', '2023-11-24 19:12:19'),
	(30, '3a76d824-466a-4a48-997d-e87d0c048937', 4, 141, 'L', 'N', '2023-11-24 01:50:40', '2023-11-24 19:12:19'),
	(31, '2e930c30-53a3-4e50-a53b-3629d81b5b75', 4, 142, 'E', 'S', '2023-11-24 01:50:40', '2023-11-24 19:12:19'),
	(32, '060c66ed-e4f5-4499-9b91-5f8d1184ee51', 4, 143, 'V', 'S', '2023-11-24 01:50:40', '2023-11-24 19:12:19'),
	(33, '42004ef4-531c-4ed7-881e-944358c826c9', 4, 144, 'E', 'N', '2023-11-24 01:50:40', '2023-11-24 19:12:19'),
	(34, 'de6e9521-fd79-4bc5-9bb8-a3d6ae6d59e4', 4, 145, 'L', 'N', '2023-11-24 01:50:40', '2023-11-24 19:12:19'),
	(35, '2caa0de9-215a-4673-a395-58c9b68afc14', 4, 146, 'L', 'N', '2023-11-24 01:50:40', '2023-11-24 19:12:19'),
	(36, '0ad2951c-6437-477c-baa3-8614047f668c', 4, 147, 'L', 'S', '2023-11-24 01:50:40', '2023-11-24 19:12:19'),
	(37, '4a8a42a7-6b63-498e-a32a-5d15629e4933', 5, 139, 'V', 'N', '2023-11-24 01:51:03', '2023-11-24 19:12:19'),
	(38, 'a7338bd0-4105-4958-8246-f1ba5d876367', 5, 140, 'V', 'N', '2023-11-24 01:51:03', '2023-11-24 19:12:19'),
	(39, 'b18b8c4e-f9f6-4985-87f2-6934ace9f466', 5, 141, 'V', 'S', '2023-11-24 01:51:03', '2023-11-24 19:12:19'),
	(40, '68ea0ec7-6494-4a35-9460-21eb15f49525', 5, 142, 'E', 'S', '2023-11-24 01:51:03', '2023-11-24 19:12:19'),
	(41, '0a6c635f-0a5f-4b3e-beb9-a1abc74894ac', 5, 143, 'V', 'S', '2023-11-24 01:51:03', '2023-11-24 19:12:19'),
	(42, '01c90e8d-5ee6-4f66-b1ef-bb057d671fb6', 5, 144, 'V', 'N', '2023-11-24 01:51:03', '2023-11-24 19:12:19'),
	(43, 'a30ba524-3c81-4e55-8e3a-75b6b73609b1', 5, 145, 'V', 'N', '2023-11-24 01:51:03', '2023-11-24 19:12:19'),
	(44, 'd3c2c9c6-49ae-4201-84a9-0e7ddbe2f3ea', 5, 146, 'E', 'N', '2023-11-24 01:51:03', '2023-11-24 19:12:19'),
	(45, '85bd1359-3741-46b3-aa4e-10e69fd8479d', 5, 147, 'L', 'S', '2023-11-24 01:51:03', '2023-11-24 19:12:19'),
	(46, '1d6614bf-8ba0-40a5-9e74-77cf8e8374cf', 6, 139, 'L', 'N', '2023-11-24 01:51:29', '2023-11-24 19:12:19'),
	(47, 'b67d7385-dcc8-41ef-b9c0-38c513d83196', 6, 140, 'E', 'N', '2023-11-24 01:51:29', '2023-11-24 19:12:19'),
	(48, '6d19e593-d5d5-4b73-9c90-14fda16ee43f', 6, 141, 'V', 'S', '2023-11-24 01:51:29', '2023-11-24 19:12:19'),
	(49, '73736cb6-c6bd-41d5-acf2-072df2a80a9a', 6, 142, 'E', 'S', '2023-11-24 01:51:29', '2023-11-24 19:12:19'),
	(50, 'f33f3e60-8718-4531-aa7c-167f24bcbc0b', 6, 143, 'V', 'S', '2023-11-24 01:51:29', '2023-11-24 19:12:19'),
	(51, '2c1d66bc-8771-4276-b3c1-c4088a2d187a', 6, 144, 'L', 'S', '2023-11-24 01:51:29', '2023-11-24 19:12:19'),
	(52, 'e3e37de8-0e39-4291-b50d-95c009b15d3b', 6, 145, 'E', 'S', '2023-11-24 01:51:29', '2023-11-24 19:12:19'),
	(53, 'ad6c3b9b-f710-4bba-87b6-5023c142dd6f', 6, 146, 'L', 'N', '2023-11-24 01:51:29', '2023-11-24 19:12:19'),
	(54, '3da597be-90cd-4ae9-9195-75fdf3d51d5e', 6, 147, 'L', 'S', '2023-11-24 01:51:29', '2023-11-24 19:12:19'),
	(55, '32cc2f07-63fa-491f-87d5-5a5001a239a0', 7, 158, 'V', 'N', '2023-11-25 20:05:53', '2023-11-25 20:05:53'),
	(56, '7b9778d6-291f-4da4-a8bc-06f7df48e4ac', 7, 159, 'L', 'N', '2023-11-25 20:05:53', '2023-11-25 20:05:53'),
	(57, 'fca56452-acfc-4363-a423-87a6be3fd45e', 8, 158, 'L', 'N', '2023-11-28 02:15:14', '2023-11-28 02:15:14'),
	(58, 'abeb3e4c-a129-4f5a-a156-92194b9d72f7', 8, 159, 'L', 'N', '2023-11-28 02:15:14', '2023-11-28 02:15:14');

/*!40103 SET TIME_ZONE=IFNULL(@OLD_TIME_ZONE, 'system') */;
/*!40101 SET SQL_MODE=IFNULL(@OLD_SQL_MODE, '') */;
/*!40014 SET FOREIGN_KEY_CHECKS=IFNULL(@OLD_FOREIGN_KEY_CHECKS, 1) */;
/*!40101 SET CHARACTER_SET_CLIENT=@OLD_CHARACTER_SET_CLIENT */;
/*!40111 SET SQL_NOTES=IFNULL(@OLD_SQL_NOTES, 1) */;
