-- --------------------------------------------------------
-- Host:                         127.0.0.1
-- Versión del servidor:         10.4.32-MariaDB - mariadb.org binary distribution
-- SO del servidor:              Win64
-- HeidiSQL Versión:             12.6.0.6765
-- --------------------------------------------------------

/*!40101 SET @OLD_CHARACTER_SET_CLIENT=@@CHARACTER_SET_CLIENT */;
/*!40101 SET NAMES utf8 */;
/*!50503 SET NAMES utf8mb4 */;
/*!40103 SET @OLD_TIME_ZONE=@@TIME_ZONE */;
/*!40103 SET TIME_ZONE='+00:00' */;
/*!40014 SET @OLD_FOREIGN_KEY_CHECKS=@@FOREIGN_KEY_CHECKS, FOREIGN_KEY_CHECKS=0 */;
/*!40101 SET @OLD_SQL_MODE=@@SQL_MODE, SQL_MODE='NO_AUTO_VALUE_ON_ZERO' */;
/*!40111 SET @OLD_SQL_NOTES=@@SQL_NOTES, SQL_NOTES=0 */;

-- Volcando estructura para tabla juguemos_la_reta.broadcasters
CREATE TABLE IF NOT EXISTS `broadcasters` (
  `id` bigint(20) unsigned NOT NULL AUTO_INCREMENT,
  `name` varchar(150) NOT NULL,
  `logo` varchar(150) NOT NULL,
  `created_at` timestamp NULL DEFAULT NULL,
  `updated_at` timestamp NULL DEFAULT NULL,
  PRIMARY KEY (`id`)
) ENGINE=InnoDB AUTO_INCREMENT=7 DEFAULT CHARSET=utf8mb4 COLLATE=utf8mb4_unicode_ci;

-- Volcando datos para la tabla juguemos_la_reta.broadcasters: ~6 rows (aproximadamente)
INSERT INTO `broadcasters` (`id`, `name`, `logo`, `created_at`, `updated_at`) VALUES
	(1, 'TUDN', 'tudn.png', NULL, NULL),
	(2, 'TV AZTECA', 'tvazteca.png', NULL, NULL),
	(3, 'Fox Sports', 'foxsports.png', NULL, NULL),
	(4, 'ESPN', 'espn.png', NULL, NULL),
	(5, 'Afizzionados', 'afizzionados.png', NULL, NULL),
	(6, 'Vix+', 'vix.png', NULL, NULL);

-- Volcando estructura para tabla juguemos_la_reta.countries
CREATE TABLE IF NOT EXISTS `countries` (
  `id` bigint(20) unsigned NOT NULL AUTO_INCREMENT,
  `code` varchar(2) NOT NULL,
  `name` varchar(50) NOT NULL,
  `flag` varchar(250) NOT NULL,
  `active` smallint(6) NOT NULL,
  `created_at` timestamp NULL DEFAULT NULL,
  `updated_at` timestamp NULL DEFAULT NULL,
  PRIMARY KEY (`id`)
) ENGINE=InnoDB AUTO_INCREMENT=2 DEFAULT CHARSET=utf8mb4 COLLATE=utf8mb4_unicode_ci;

-- Volcando datos para la tabla juguemos_la_reta.countries: ~0 rows (aproximadamente)
INSERT INTO `countries` (`id`, `code`, `name`, `flag`, `active`, `created_at`, `updated_at`) VALUES
	(1, 'MX', 'Mexico', 'https://media-4.api-sports.io/flags/mx.svg', 1, '2023-11-24 01:02:04', '2023-11-24 01:02:04');

-- Volcando estructura para tabla juguemos_la_reta.distribuitors
CREATE TABLE IF NOT EXISTS `distribuitors` (
  `id` bigint(20) unsigned NOT NULL AUTO_INCREMENT,
  `name` varchar(100) NOT NULL,
  `address` varchar(100) NOT NULL,
  `city` varchar(100) NOT NULL,
  `state` varchar(100) NOT NULL,
  `commission_pct` int(11) NOT NULL,
  `active` varchar(1) NOT NULL,
  `created_at` timestamp NULL DEFAULT NULL,
  `updated_at` timestamp NULL DEFAULT NULL,
  PRIMARY KEY (`id`)
) ENGINE=InnoDB AUTO_INCREMENT=5 DEFAULT CHARSET=utf8mb4 COLLATE=utf8mb4_unicode_ci;

-- Volcando datos para la tabla juguemos_la_reta.distribuitors: ~2 rows (aproximadamente)
INSERT INTO `distribuitors` (`id`, `name`, `address`, `city`, `state`, `commission_pct`, `active`, `created_at`, `updated_at`) VALUES
	(1, 'Papeleria Andy', 'Miguel Martinez #19', 'Uriangato', 'Guanajuato', 10, '1', '2023-11-25 20:04:49', '2024-01-13 20:10:01'),
	(2, 'Papelería Ruiz', '5 de Mayo #68', 'Uriangato', 'Guanajuato', 10, '1', '2024-01-13 18:49:35', '2024-01-13 18:49:35');

-- Volcando estructura para tabla juguemos_la_reta.failed_jobs
CREATE TABLE IF NOT EXISTS `failed_jobs` (
  `id` bigint(20) unsigned NOT NULL AUTO_INCREMENT,
  `uuid` varchar(255) NOT NULL,
  `connection` text NOT NULL,
  `queue` text NOT NULL,
  `payload` longtext NOT NULL,
  `exception` longtext NOT NULL,
  `failed_at` timestamp NOT NULL DEFAULT current_timestamp(),
  PRIMARY KEY (`id`),
  UNIQUE KEY `failed_jobs_uuid_unique` (`uuid`)
) ENGINE=InnoDB DEFAULT CHARSET=utf8mb4 COLLATE=utf8mb4_unicode_ci;

-- Volcando datos para la tabla juguemos_la_reta.failed_jobs: ~0 rows (aproximadamente)

-- Volcando estructura para tabla juguemos_la_reta.games
CREATE TABLE IF NOT EXISTS `games` (
  `id` bigint(20) unsigned NOT NULL,
  `round_id` bigint(20) unsigned NOT NULL,
  `home_id` bigint(20) unsigned NOT NULL,
  `away_id` bigint(20) unsigned NOT NULL,
  `home_score` int(11) DEFAULT NULL,
  `away_score` int(11) DEFAULT NULL,
  `referee` varchar(100) DEFAULT NULL,
  `date` date DEFAULT NULL,
  `time` time DEFAULT NULL,
  `status` varchar(5) NOT NULL,
  `created_at` timestamp NULL DEFAULT NULL,
  `updated_at` timestamp NULL DEFAULT NULL
) ENGINE=InnoDB DEFAULT CHARSET=utf8mb4 COLLATE=utf8mb4_unicode_ci;

-- Volcando datos para la tabla juguemos_la_reta.games: ~323 rows (aproximadamente)
INSERT INTO `games` (`id`, `round_id`, `home_id`, `away_id`, `home_score`, `away_score`, `referee`, `date`, `time`, `status`, `created_at`, `updated_at`) VALUES
	(1031275, 1, 2287, 2298, 1, 2, 'I. Lopez', '2023-06-30', '20:00:00', 'FT', '2023-11-24 01:25:01', '2023-11-24 01:26:01'),
	(1031276, 1, 2280, 2286, 2, 3, 'D. Quintero', '2023-06-30', '22:10:00', 'FT', '2023-11-24 01:25:01', '2023-11-24 01:26:01'),
	(1031277, 1, 14002, 2292, 1, 1, 'J. Lopez', '2023-06-30', '20:00:00', 'FT', '2023-11-24 01:25:01', '2023-11-24 01:26:01'),
	(1031278, 1, 2314, 2282, 1, 1, 'J. Camacho', '2023-07-01', '18:00:00', 'FT', '2023-11-24 01:25:01', '2023-11-24 01:26:01'),
	(1031279, 1, 2279, 2291, 1, 1, 'Ó. Macías', '2023-07-01', '20:00:00', 'FT', '2023-11-24 01:25:01', '2023-11-24 01:26:01'),
	(1031280, 1, 2283, 2295, 2, 0, 'V. Cáceres', '2023-07-01', '22:10:00', 'FT', '2023-11-24 01:25:01', '2023-11-24 01:26:01'),
	(1031281, 1, 2281, 2288, 0, 0, 'I. López', '2023-07-02', '13:00:00', 'FT', '2023-11-24 01:25:01', '2023-11-24 01:26:01'),
	(1031282, 1, 2285, 2290, 0, 2, 'A. Quirarte', '2023-07-02', '20:05:00', 'FT', '2023-11-24 01:25:01', '2023-11-24 01:26:01'),
	(1031283, 1, 2289, 2278, 1, 2, 'Ó. Mejía', '2023-07-03', '21:00:00', 'FT', '2023-11-24 01:25:01', '2023-11-24 01:26:01'),
	(1031284, 2, 2291, 2285, 2, 3, 'B. González', '2023-07-07', '20:00:00', 'FT', '2023-11-24 01:25:01', '2023-11-24 01:26:01'),
	(1031285, 2, 2298, 2279, 1, 1, 'J. Lopez', '2023-07-08', '19:06:00', 'FT', '2023-11-24 01:25:01', '2023-11-24 01:26:01'),
	(1031286, 2, 2278, 2314, 3, 1, 'V. Cáceres', '2023-07-08', '19:05:00', 'FT', '2023-11-24 01:25:01', '2023-11-24 01:26:01'),
	(1031287, 2, 2282, 2283, 1, 0, 'E. Morales', '2023-07-09', '20:00:00', 'FT', '2023-11-24 01:25:01', '2023-11-24 01:26:01'),
	(1031288, 2, 2295, 2281, 0, 2, 'I. Lopez', '2023-07-08', '18:50:00', 'FT', '2023-11-24 01:25:01', '2023-11-24 01:26:01'),
	(1031289, 2, 2286, 14002, 0, 0, 'Ó. Macías', '2023-07-09', '13:00:00', 'FT', '2023-11-24 01:25:01', '2023-11-24 01:26:01'),
	(1031290, 2, 2288, 2280, 1, 1, 'Ó. Mejía', '2023-07-07', '22:00:00', 'FT', '2023-11-24 01:25:01', '2023-11-24 01:26:01'),
	(1031291, 2, 2290, 2287, 1, 2, 'D. Montaño', '2023-09-20', '21:06:00', 'FT', '2023-11-24 01:25:01', '2023-11-24 01:26:01'),
	(1031292, 2, 2289, 2292, 4, 0, 'J. Camacho', '2023-07-10', '21:00:00', 'FT', '2023-11-24 01:25:01', '2023-11-24 01:26:01'),
	(1031293, 3, 2285, 2283, 0, 0, 'D. Montaño', '2023-07-13', '20:05:00', 'FT', '2023-11-24 01:25:01', '2023-11-24 01:26:01'),
	(1031294, 3, 2278, 2288, 2, 0, 'J. Lopez', '2023-07-13', '22:00:00', 'FT', '2023-11-24 01:25:01', '2023-11-24 01:26:01'),
	(1031295, 3, 14002, 2282, 0, 3, 'B. González', '2023-07-14', '20:00:00', 'FT', '2023-11-24 01:25:01', '2023-11-24 01:26:01'),
	(1031296, 3, 2280, 2295, 2, 1, 'E. Morales', '2023-07-14', '22:10:00', 'FT', '2023-11-24 01:25:01', '2023-11-24 01:26:01'),
	(1031297, 3, 2314, 2290, 4, 1, 'D. Quintero', '2023-07-15', '18:00:00', 'FT', '2023-11-24 01:25:01', '2023-11-24 01:26:01'),
	(1031298, 3, 2287, 2291, 3, 0, 'V. Cáceres', '2023-07-15', '20:00:00', 'FT', '2023-11-24 01:25:01', '2023-11-24 01:26:01'),
	(1031299, 3, 2279, 2289, 1, 0, 'I. Lopez', '2023-07-15', '22:05:00', 'FT', '2023-11-24 01:25:01', '2023-11-24 01:26:01'),
	(1031300, 3, 2281, 2298, 2, 4, 'M. Terrazas', '2023-07-16', '13:00:00', 'FT', '2023-11-24 01:25:01', '2023-11-24 01:26:01'),
	(1031301, 3, 2292, 2286, 1, 1, 'Ó. Mejía', '2023-07-16', '21:15:00', 'FT', '2023-11-24 01:25:01', '2023-11-24 01:26:01'),
	(1031302, 4, 2291, 2314, 1, 2, 'I. Lopez', '2023-08-18', '22:06:00', 'FT', '2023-11-24 01:25:01', '2023-11-24 01:26:01'),
	(1031303, 4, 2298, 2278, 1, 1, 'F. Hernández', '2023-08-18', '22:10:00', 'FT', '2023-11-24 01:25:01', '2023-11-24 01:26:01'),
	(1031304, 4, 2288, 2279, 0, 3, 'G. Pacheco', '2023-08-20', '22:10:00', 'FT', '2023-11-24 01:25:01', '2023-11-24 01:26:01'),
	(1031305, 4, 2289, 14002, 2, 1, 'M. Quintero', '2023-08-18', '20:06:00', 'FT', '2023-11-24 01:25:01', '2023-11-24 01:26:01'),
	(1031306, 4, 2282, 2280, 3, 1, 'V. Cáceres', '2023-10-25', '20:00:00', 'FT', '2023-11-24 01:25:01', '2023-11-24 01:26:01'),
	(1031307, 4, 2287, 2283, 1, 1, 'A. Escobedo', '2023-08-20', '20:10:00', 'FT', '2023-11-24 01:25:01', '2023-11-24 01:26:01'),
	(1031308, 4, 2286, 2281, 1, 1, 'L. Santander', '2023-08-18', '22:00:00', 'FT', '2023-11-24 01:25:01', '2023-11-24 01:26:01'),
	(1031309, 4, 2295, 2285, 2, 2, 'M. Ortíz', '2023-08-20', '18:00:00', 'FT', '2023-11-24 01:25:01', '2023-11-24 01:26:01'),
	(1031310, 4, 2290, 2292, 1, 1, 'V. Arce', '2023-08-20', '20:06:00', 'FT', '2023-11-24 01:25:01', '2023-11-24 01:26:01'),
	(1031311, 5, 2287, 2288, 3, 2, 'M. Ortíz', '2023-08-23', '20:00:00', 'FT', '2023-11-24 01:25:01', '2023-11-24 01:26:01'),
	(1031312, 5, 2298, 2286, 4, 1, 'I. López', '2023-08-22', '22:06:00', 'FT', '2023-11-24 01:25:01', '2023-11-24 01:26:01'),
	(1031313, 5, 2290, 2283, 1, 2, 'F. Hernández', '2023-08-30', '20:06:00', 'FT', '2023-11-24 01:25:01', '2023-11-24 01:26:01'),
	(1031314, 5, 2292, 2295, 1, 0, 'J. Lopez', '2023-08-23', '20:06:00', 'FT', '2023-11-24 01:25:01', '2023-11-24 01:26:01'),
	(1031315, 5, 2281, 2282, 1, 0, 'D. Montaño', '2023-08-30', '20:00:00', 'FT', '2023-11-24 01:25:01', '2023-11-24 01:26:01'),
	(1031316, 5, 2278, 2280, 1, 0, 'A. Escobedo', '2023-08-22', '20:00:00', 'FT', '2023-11-24 01:25:01', '2023-11-24 01:26:01'),
	(1031317, 5, 14002, 2291, 1, 0, 'L. Santander', '2023-08-22', '20:00:00', 'FT', '2023-11-24 01:25:01', '2023-11-24 01:26:01'),
	(1031318, 5, 2279, 2285, 3, 2, 'D. Quintero', '2023-08-30', '22:00:00', 'FT', '2023-11-24 01:25:01', '2023-11-24 01:26:01'),
	(1031319, 6, 2280, 14002, 1, 1, 'F. Guerrero', '2023-08-25', '22:10:00', 'FT', '2023-11-24 01:25:01', '2023-11-24 01:26:01'),
	(1031320, 6, 2283, 2281, 0, 0, 'G. Pacheco', '2023-08-26', '18:00:00', 'FT', '2023-11-24 01:25:01', '2023-11-24 01:26:01'),
	(1031321, 6, 2287, 2289, 1, 1, 'Ó. Macías', '2023-08-26', '20:00:00', 'FT', '2023-11-24 01:25:01', '2023-11-24 01:26:01'),
	(1031322, 6, 2285, 2278, 2, 1, 'Ó. Mejía', '2023-08-26', '22:05:00', 'FT', '2023-11-24 01:25:01', '2023-11-24 01:26:01'),
	(1031323, 6, 2288, 2290, 0, 1, 'D. Quintero', '2023-08-27', '17:00:00', 'FT', '2023-11-24 01:25:01', '2023-11-24 01:26:01'),
	(1031324, 6, 2286, 2279, 2, 1, 'F. Hernández', '2023-08-27', '19:05:00', 'FT', '2023-11-24 01:25:01', '2023-11-24 01:26:01'),
	(1031325, 6, 2282, 2295, 1, 2, 'C. Ramos', '2023-08-27', '21:05:00', 'FT', '2023-11-24 01:25:01', '2023-11-24 01:26:01'),
	(1031326, 6, 2292, 2314, 0, 2, 'J. Camacho', '2023-08-28', '22:10:00', 'FT', '2023-11-24 01:25:01', '2023-11-24 01:26:01'),
	(1031327, 7, 2314, 2283, 2, 0, 'L. Santander', '2023-09-03', '21:00:00', 'FT', '2023-11-24 01:25:01', '2023-11-24 01:26:01'),
	(1031328, 7, 2298, 14002, 3, 1, 'A. Escobedo', '2023-09-01', '20:06:00', 'FT', '2023-11-24 01:25:01', '2023-11-24 01:26:01'),
	(1031329, 7, 2291, 2280, 3, 0, 'C. Ramos', '2023-09-01', '22:10:00', 'FT', '2023-11-24 01:25:01', '2023-11-24 01:26:01'),
	(1031330, 7, 2278, 2282, 1, 2, 'Ó. Macías', '2023-09-03', '18:05:00', 'FT', '2023-11-24 01:25:01', '2023-11-24 01:26:01'),
	(1031331, 7, 2289, 2288, 1, 1, 'V. Cáceres', '2023-09-02', '18:00:00', 'FT', '2023-11-24 01:25:01', '2023-11-24 01:26:01'),
	(1031332, 7, 2285, 2286, 2, 1, 'F. Guerrero', '2023-09-02', '20:00:00', 'FT', '2023-11-24 01:25:01', '2023-11-24 01:26:01'),
	(1031333, 7, 2279, 2290, 5, 0, 'I. Lopez', '2023-09-02', '20:05:00', 'FT', '2023-11-24 01:25:01', '2023-11-24 01:26:01'),
	(1031334, 7, 2295, 2287, 2, 3, 'D. Quintero', '2023-09-02', '22:10:00', 'FT', '2023-11-24 01:25:01', '2023-11-24 01:26:01'),
	(1031335, 7, 2281, 2292, 5, 0, 'M. Ortíz', '2023-09-03', '13:00:00', 'FT', '2023-11-24 01:25:01', '2023-11-24 01:26:01'),
	(1031336, 8, 2282, 2289, 3, 1, 'L. Santander', '2023-09-16', '20:00:00', 'FT', '2023-11-24 01:25:01', '2023-11-24 01:26:01'),
	(1031337, 8, 2287, 2278, 4, 0, 'F. Guerrero', '2023-09-16', '22:10:00', 'FT', '2023-11-24 01:25:01', '2023-11-24 01:26:01'),
	(1031338, 8, 14002, 2295, 2, 2, 'M. Ortíz', '2023-09-15', '20:00:00', 'FT', '2023-11-24 01:25:01', '2023-11-24 01:26:01'),
	(1031339, 8, 2280, 2281, 2, 1, 'E. Miranda', '2023-09-15', '22:10:00', 'FT', '2023-11-24 01:25:01', '2023-11-24 01:26:01'),
	(1031340, 8, 2288, 2298, 1, 1, 'B. González', '2023-09-16', '18:00:00', 'FT', '2023-11-24 01:25:01', '2023-11-24 01:26:01'),
	(1031341, 8, 2286, 2314, 3, 2, 'C. Ramos', '2023-09-17', '13:00:00', 'FT', '2023-11-24 01:25:01', '2023-11-24 01:26:01'),
	(1031342, 8, 2290, 2291, 1, 1, 'V. Cáceres', '2023-09-17', '18:00:00', 'FT', '2023-11-24 01:25:01', '2023-11-24 01:26:01'),
	(1031343, 8, 2283, 2279, 2, 0, 'A. Escobedo', '2023-09-17', '20:00:00', 'FT', '2023-11-24 01:25:01', '2023-11-24 01:26:01'),
	(1031344, 8, 2292, 2285, 3, 2, 'F. Hernández', '2023-09-18', '22:00:00', 'FT', '2023-11-24 01:25:01', '2023-11-24 01:26:01'),
	(1031345, 9, 2314, 14002, 3, 2, 'F. Hernández', '2023-09-22', '20:00:00', 'FT', '2023-11-24 01:25:01', '2023-11-24 01:26:01'),
	(1031346, 9, 2298, 2283, 1, 2, 'V. Cáceres', '2023-09-22', '20:00:00', 'FT', '2023-11-24 01:25:01', '2023-11-24 01:26:01'),
	(1031347, 9, 2291, 2286, 0, 2, 'G. Pacheco', '2023-09-22', '22:10:00', 'FT', '2023-11-24 01:25:01', '2023-11-24 01:26:01'),
	(1031348, 9, 2289, 2280, 1, 0, 'F. Guerrero', '2023-09-23', '20:00:00', 'FT', '2023-11-24 01:25:01', '2023-11-24 01:26:01'),
	(1031349, 9, 2278, 2292, 0, 0, 'C. Ramos', '2023-09-23', '20:00:00', 'FT', '2023-11-24 01:25:01', '2023-11-24 01:26:01'),
	(1031350, 9, 2279, 2282, 3, 0, 'M. Ortíz', '2023-09-23', '22:05:00', 'FT', '2023-11-24 01:25:01', '2023-11-24 01:26:01'),
	(1031351, 9, 2295, 2290, 1, 3, 'A. Quirarte', '2023-09-24', '17:00:00', 'FT', '2023-11-24 01:25:02', '2023-11-24 01:26:01'),
	(1031352, 9, 2285, 2288, 2, 5, 'Ó. Mejía', '2023-09-24', '21:05:00', 'FT', '2023-11-24 01:25:02', '2023-11-24 01:26:01'),
	(1031353, 11, 2283, 2291, 2, 3, 'I. Lopez', '2023-09-28', '21:00:00', 'FT', '2023-11-24 01:25:02', '2023-11-24 01:26:01'),
	(1031354, 11, 2290, 2289, 1, 1, 'G. Pacheco', '2023-09-29', '20:00:00', 'FT', '2023-11-24 01:25:02', '2023-11-24 01:26:01'),
	(1031355, 11, 14002, 2279, 2, 3, 'J. Lopez', '2023-09-30', '20:06:00', 'FT', '2023-11-24 01:25:02', '2023-11-24 01:26:01'),
	(1031356, 11, 2280, 2298, 5, 1, 'F. Hernández', '2023-09-29', '22:10:00', 'FT', '2023-11-24 01:25:02', '2023-11-24 01:26:01'),
	(1031357, 11, 2292, 2288, 1, 1, 'M. Terrazas', '2023-09-30', '18:00:00', 'FT', '2023-11-24 01:25:02', '2023-11-24 01:26:01'),
	(1031358, 11, 2282, 2285, 3, 0, 'F. Guerrero', '2023-11-08', '20:00:00', 'FT', '2023-11-24 01:25:02', '2023-11-24 01:26:01'),
	(1031359, 11, 2287, 2286, 1, 0, 'V. Cáceres', '2023-09-30', '19:40:00', 'FT', '2023-11-24 01:25:02', '2023-11-24 01:26:01'),
	(1031360, 11, 2281, 2278, 1, 1, 'D. Quintero', '2023-10-02', '18:20:00', 'FT', '2023-11-24 01:25:02', '2023-11-24 01:26:01'),
	(1031361, 11, 2314, 2295, 1, 2, 'A. Escobedo', '2023-09-29', '22:00:00', 'FT', '2023-11-24 01:25:02', '2023-11-24 01:26:01'),
	(1031362, 10, 2291, 2282, 1, 1, 'E. Miranda', '2023-10-03', '20:00:00', 'FT', '2023-11-24 01:25:02', '2023-11-24 01:26:01'),
	(1031363, 10, 2287, 2292, 4, 0, 'M. Ortíz', '2023-10-03', '22:00:00', 'FT', '2023-11-24 01:25:02', '2023-11-24 01:26:01'),
	(1031364, 10, 2286, 2290, 4, 0, 'L. Santander', '2023-10-04', '20:00:00', 'FT', '2023-11-24 01:25:02', '2023-11-24 01:26:01'),
	(1031365, 10, 2288, 2295, 1, 3, 'F. Guerrero', '2023-10-04', '20:00:00', 'FT', '2023-11-24 01:25:02', '2023-11-24 01:26:01'),
	(1031366, 10, 2279, 2281, 2, 2, 'C. Ramos', '2023-10-04', '22:00:00', 'FT', '2023-11-24 01:25:02', '2023-11-24 01:26:01'),
	(1031367, 10, 2278, 14002, 1, 3, 'E. Morales', '2023-09-26', '20:05:00', 'FT', '2023-11-24 01:25:02', '2023-11-24 01:26:01'),
	(1031368, 10, 2285, 2280, 2, 1, 'I. Lopez', '2023-10-04', '22:00:00', 'FT', '2023-11-24 01:25:02', '2023-11-24 01:26:01'),
	(1031369, 10, 2298, 2314, 3, 2, 'Ó. Mejía', '2023-10-25', '22:06:00', 'FT', '2023-11-24 01:25:02', '2023-11-24 01:26:01'),
	(1031370, 12, 14002, 2287, 1, 2, 'Ó. Mejía', '2023-10-06', '22:00:00', 'FT', '2023-11-24 01:25:02', '2023-11-24 01:26:01'),
	(1031371, 12, 2282, 2298, 3, 1, 'D. Quintero', '2023-10-07', '18:00:00', 'FT', '2023-11-24 01:25:02', '2023-11-24 01:26:01'),
	(1031372, 12, 2292, 2279, 1, 1, 'I. Lopez', '2023-10-07', '20:00:00', 'FT', '2023-11-24 01:25:02', '2023-11-24 01:26:01'),
	(1031373, 12, 2278, 2283, 4, 1, 'A. Escobedo', '2023-10-07', '20:00:00', 'FT', '2023-11-24 01:25:02', '2023-11-24 01:26:01'),
	(1031374, 12, 2295, 2286, 1, 4, 'C. Ramos', '2023-10-07', '22:10:00', 'FT', '2023-11-24 01:25:02', '2023-11-24 01:26:01'),
	(1031375, 12, 2281, 2290, 3, 1, 'F. Hernández', '2023-10-08', '13:00:00', 'FT', '2023-11-24 01:25:02', '2023-11-24 01:26:01'),
	(1031376, 12, 2288, 2291, 1, 2, 'G. Pacheco', '2023-10-08', '18:00:00', 'FT', '2023-11-24 01:25:02', '2023-11-24 01:26:01'),
	(1031377, 12, 2285, 2289, 0, 2, 'M. Ortíz', '2023-10-08', '20:05:00', 'FT', '2023-11-24 01:25:02', '2023-11-24 01:26:01'),
	(1031378, 12, 2280, 2314, 2, 1, 'L. Santander', '2023-10-08', '22:00:00', 'FT', '2023-11-24 01:25:02', '2023-11-24 01:26:01'),
	(1031379, 13, 2283, 14002, 1, 3, 'M. Ortíz', '2023-10-20', '20:00:00', 'FT', '2023-11-24 01:25:02', '2023-11-24 01:26:01'),
	(1031380, 13, 2298, 2292, 0, 1, 'F. Guerrero', '2023-10-20', '20:06:00', 'FT', '2023-11-24 01:25:02', '2023-11-24 01:26:01'),
	(1031381, 13, 2289, 2281, 1, 0, 'Ó. Mejía', '2023-10-21', '18:00:00', 'FT', '2023-11-24 01:25:02', '2023-11-24 01:26:01'),
	(1031382, 13, 2287, 2285, 4, 3, 'C. Ramos', '2023-10-21', '20:00:00', 'FT', '2023-11-24 01:25:02', '2023-11-24 01:26:01'),
	(1031383, 13, 2279, 2295, 2, 1, 'E. Morales', '2023-10-21', '22:10:00', 'FT', '2023-11-24 01:25:02', '2023-11-24 01:26:01'),
	(1031384, 13, 2286, 2282, 0, 1, 'I. Lopez', '2023-10-22', '13:00:00', 'FT', '2023-11-24 01:25:02', '2023-11-24 01:26:01'),
	(1031385, 13, 2314, 2288, 4, 0, 'F. Hernández', '2023-10-22', '19:00:00', 'FT', '2023-11-24 01:25:02', '2023-11-24 01:26:01'),
	(1031386, 13, 2290, 2280, 1, 0, 'Ó. Macías', '2023-10-21', '20:06:00', 'FT', '2023-11-24 01:25:02', '2023-11-24 01:26:01'),
	(1031387, 14, 2288, 2286, 1, 0, 'A. Quirarte', '2023-10-27', '20:00:00', 'FT', '2023-11-24 01:25:02', '2023-11-24 01:26:01'),
	(1031388, 14, 14002, 2290, 3, 0, 'L. Santander', '2023-10-27', '22:00:00', 'FT', '2023-11-24 01:25:02', '2023-11-24 01:26:01'),
	(1031389, 14, 2295, 2289, 1, 0, 'B. González', '2023-10-28', '19:00:00', 'FT', '2023-11-24 01:25:02', '2023-11-24 01:26:01'),
	(1031390, 14, 2292, 2291, 1, 1, 'J. Camacho', '2023-10-28', '20:05:00', 'FT', '2023-11-24 01:25:02', '2023-11-24 01:26:01'),
	(1031391, 14, 2278, 2279, 0, 4, 'F. Hernández', '2023-10-28', '20:05:00', 'FT', '2023-11-24 01:25:02', '2023-11-24 01:26:01'),
	(1031392, 14, 2282, 2287, 0, 3, 'A. Escobedo', '2023-10-28', '22:10:00', 'FT', '2023-11-24 01:25:02', '2023-11-24 01:26:01'),
	(1031393, 14, 2281, 2314, 3, 1, 'C. Ramos', '2023-10-29', '12:00:00', 'FT', '2023-11-24 01:25:02', '2023-11-24 01:26:01'),
	(1031394, 14, 2285, 2298, 5, 1, 'D. Montaño', '2023-10-29', '19:05:00', 'FT', '2023-11-24 01:25:02', '2023-11-24 01:26:01'),
	(1031395, 14, 2280, 2283, 2, 0, 'D. Quintero', '2023-10-29', '21:00:00', 'FT', '2023-11-24 01:25:02', '2023-11-24 01:26:01'),
	(1031396, 15, 2290, 2278, 1, 2, 'C. Ramos', '2023-10-31', '19:00:00', 'FT', '2023-11-24 01:25:02', '2023-11-24 01:26:01'),
	(1031397, 15, 2289, 2286, 1, 1, 'A. Escobedo', '2023-10-31', '21:00:00', 'FT', '2023-11-24 01:25:02', '2023-11-24 01:26:01'),
	(1031398, 15, 2282, 2288, 3, 0, 'Ó. Mejía', '2023-10-31', '21:05:00', 'FT', '2023-11-24 01:25:02', '2023-11-24 01:26:01'),
	(1031399, 15, 2283, 2292, 0, 2, 'L. Santander', '2023-11-01', '19:00:00', 'FT', '2023-11-24 01:25:02', '2023-11-24 01:26:01'),
	(1031400, 15, 2295, 2298, 2, 0, 'D. Quintero', '2023-11-01', '19:00:00', 'FT', '2023-11-24 01:25:02', '2023-11-24 01:26:01'),
	(1031401, 15, 14002, 2285, 3, 1, 'F. Hernández', '2023-11-01', '21:00:00', 'FT', '2023-11-24 01:25:02', '2023-11-24 01:26:01'),
	(1031402, 15, 2314, 2287, 0, 1, 'F. Guerrero', '2023-11-01', '21:00:00', 'FT', '2023-11-24 01:25:02', '2023-11-24 01:26:01'),
	(1031403, 15, 2280, 2279, 2, 0, 'M. Ortíz', '2023-11-01', '21:06:00', 'FT', '2023-11-24 01:25:02', '2023-11-24 01:26:01'),
	(1031404, 16, 2291, 2289, 5, 4, 'E. Morales', '2023-11-03', '21:00:00', 'FT', '2023-11-24 01:25:02', '2023-11-24 01:26:01'),
	(1031405, 16, 2279, 2314, 2, 2, 'L. Santander', '2023-11-04', '16:55:00', 'FT', '2023-11-24 01:25:02', '2023-11-24 01:26:01'),
	(1031406, 16, 2287, 2280, 3, 0, 'Ó. Mejía', '2023-11-04', '19:00:00', 'FT', '2023-11-24 01:25:02', '2023-11-24 01:26:01'),
	(1031407, 16, 2278, 2295, 1, 0, 'A. Escobedo', '2023-11-04', '21:05:00', 'FT', '2023-11-24 01:25:02', '2023-11-24 01:26:01'),
	(1031408, 16, 2292, 2282, 0, 2, 'D. Quintero', '2023-11-04', '21:05:00', 'FT', '2023-11-24 01:25:02', '2023-11-24 01:26:01'),
	(1031409, 16, 2286, 2283, 3, 0, 'F. Guerrero', '2023-11-05', '12:00:00', 'FT', '2023-11-24 01:25:02', '2023-11-24 01:26:01'),
	(1031410, 16, 2288, 14002, 4, 0, 'C. Ramos', '2023-11-05', '16:00:00', 'FT', '2023-11-24 01:25:02', '2023-11-24 01:26:01'),
	(1031411, 16, 2285, 2281, 3, 1, 'V. Cáceres', '2023-11-05', '18:05:00', 'FT', '2023-11-24 01:25:02', '2023-11-24 01:26:01'),
	(1031412, 16, 2298, 2290, 0, 3, 'M. Ortíz', '2023-11-05', '20:06:00', 'FT', '2023-11-24 01:25:02', '2023-11-24 01:26:01'),
	(1031413, 17, 2283, 2288, 0, 0, 'G. Pacheco', '2023-11-10', '19:00:00', 'FT', '2023-11-24 01:25:02', '2023-11-24 19:12:19'),
	(1031414, 17, 14002, 2281, 1, 0, 'A. Escobedo', '2023-11-10', '19:06:00', 'FT', '2023-11-24 01:25:02', '2023-11-24 19:12:19'),
	(1031415, 17, 2280, 2292, 2, 3, 'F. Hernández', '2023-11-10', '21:10:00', 'FT', '2023-11-24 01:25:02', '2023-11-24 19:12:19'),
	(1031416, 17, 2290, 2282, 0, 0, 'V. Cáceres', '2023-11-11', '17:00:00', 'FT', '2023-11-24 01:25:02', '2023-11-24 19:12:19'),
	(1031417, 17, 2314, 2285, 0, 2, 'M. Ortíz', '2023-11-11', '17:00:00', 'FT', '2023-11-24 01:25:02', '2023-11-24 19:12:19'),
	(1031418, 17, 2286, 2278, 1, 0, 'Ó. Mejía', '2023-11-11', '19:00:00', 'FT', '2023-11-24 01:25:02', '2023-11-24 19:12:19'),
	(1031419, 17, 2279, 2287, 0, 0, 'D. Montaño', '2023-11-11', '21:10:00', 'FT', '2023-11-24 01:25:02', '2023-11-24 19:12:19'),
	(1031420, 17, 2295, 2291, 1, 2, 'L. Santander', '2023-11-12', '18:00:00', 'FT', '2023-11-24 01:25:02', '2023-11-24 19:12:19'),
	(1031421, 17, 2289, 2298, 2, 1, 'I. Lopez', '2023-11-12', '20:05:00', 'FT', '2023-11-24 01:25:02', '2023-11-24 19:12:19'),
	(1031424, 5, 2314, 2289, 3, 0, 'E. Morales', '2023-08-23', '22:00:00', 'FT', '2023-11-24 01:25:02', '2023-11-24 01:26:01'),
	(1031425, 6, 2291, 2298, 1, 0, 'D. Montaño', '2023-08-25', '20:00:00', 'FT', '2023-11-24 01:25:02', '2023-11-24 01:26:01'),
	(1031426, 9, 2281, 2287, 1, 1, 'A. Escobedo', '2023-09-24', '13:00:00', 'FT', '2023-11-24 01:25:02', '2023-11-24 01:26:01'),
	(1031427, 10, 2289, 2283, 1, 1, 'D. Montaño', '2023-10-24', '20:00:00', 'FT', '2023-11-24 01:25:02', '2023-11-24 01:26:01'),
	(1031428, 13, 2291, 2278, 0, 2, 'V. Cáceres', '2023-10-20', '22:10:00', 'FT', '2023-11-24 01:25:02', '2023-11-24 01:26:02'),
	(1031429, 15, 2281, 2291, 0, 1, 'Ó. Macías', '2023-10-31', '19:00:00', 'FT', '2023-11-24 01:25:02', '2023-11-24 01:26:02'),
	(1142042, 19, 2278, 2286, 1, 0, NULL, '2023-11-29', '15:00:00', 'FT', '2023-11-24 01:25:02', '2024-01-03 00:50:41'),
	(1142043, 19, 2286, 2278, 3, 0, NULL, '2023-12-01', '18:00:00', 'FT', '2023-11-24 01:25:02', '2024-01-03 00:50:41'),
	(1142057, 19, 2291, 2279, 2, 2, NULL, '2023-11-29', '15:00:00', 'FT', '2023-11-24 01:25:02', '2024-01-03 00:50:41'),
	(1142058, 19, 2279, 2291, 3, 0, NULL, '2023-12-01', '18:00:00', 'FT', '2023-11-24 01:25:02', '2024-01-03 00:50:41'),
	(1142059, 18, 2314, 2289, 3, 2, 'Adonai Escobedo Gonzalez, Mexico', '2023-11-23', '19:00:00', 'FT', '2023-11-24 01:25:02', '2023-11-24 18:26:25'),
	(1142060, 18, 2285, 14002, 2, 1, 'F. Guerrero', '2023-11-23', '21:10:00', 'FT', '2023-11-24 01:25:02', '2023-11-24 18:26:25'),
	(1144265, 19, 2289, 2287, 2, 2, NULL, '2023-11-29', '19:06:00', 'FT', '2023-11-29 00:58:40', '2024-01-03 00:50:41'),
	(1144266, 19, 2314, 2282, 1, 0, NULL, '2023-11-29', '21:10:00', 'FT', '2023-11-29 00:58:41', '2024-01-03 00:50:41'),
	(1144267, 19, 2282, 2314, 1, 1, NULL, '2023-12-02', '21:10:00', 'FT', '2023-11-29 00:58:41', '2024-01-03 00:50:41'),
	(1144268, 20, 2289, 2285, 3, 2, 'C. Ramos', '2023-11-26', '20:06:00', 'FT', '2023-11-29 00:58:41', '2024-01-03 00:50:41'),
	(1144390, 19, 2287, 2289, 2, 0, NULL, '2023-12-02', '19:00:00', 'FT', '2023-11-29 00:58:41', '2024-01-03 00:50:41'),
	(1145600, 21, 2314, 2287, 0, 5, 'A. Escobedo', '2023-12-06', '21:00:00', 'FT', '2024-01-03 00:50:41', '2024-01-03 00:51:38'),
	(1145601, 21, 2287, 2314, 0, 2, 'C. Ramos', '2023-12-09', '20:00:00', 'FT', '2024-01-03 00:50:41', '2024-01-03 00:51:38'),
	(1145602, 21, 2286, 2279, 0, 1, 'M. Ortíz', '2023-12-07', '21:00:00', 'FT', '2024-01-03 00:50:41', '2024-01-03 00:51:38'),
	(1145603, 21, 2279, 2286, 1, 1, 'F. Guerrero', '2023-12-10', '20:00:00', 'FT', '2024-01-03 00:50:41', '2024-01-03 00:51:38'),
	(1147013, 22, 2279, 2287, 1, 1, 'M. Ortíz', '2023-12-14', '21:00:00', 'FT', '2024-01-03 00:50:41', '2024-01-03 00:51:38'),
	(1147014, 22, 2287, 2279, 3, 0, 'A. Escobedo', '2023-12-17', '19:30:00', 'AET', '2024-01-03 00:50:41', '2024-01-03 00:51:38'),
	(1150211, 23, 2290, 2281, 2, 2, NULL, '2024-01-12', '19:00:00', 'FT', '2024-01-03 00:50:41', '2024-01-15 18:45:08'),
	(1150212, 23, 14002, 2314, 0, 1, NULL, '2024-01-12', '21:00:00', 'FT', '2024-01-03 00:50:41', '2024-01-15 18:45:08'),
	(1150213, 23, 2295, 2292, 0, 1, NULL, '2024-01-13', '19:00:00', 'FT', '2024-01-03 00:50:41', '2024-01-15 18:45:08'),
	(1150214, 23, 2278, 2285, 1, 1, NULL, '2024-01-13', '19:00:00', 'FT', '2024-01-03 00:50:41', '2024-01-15 18:45:08'),
	(1150215, 23, 2282, 2291, 2, 0, NULL, '2024-01-13', '21:00:00', 'FT', '2024-01-03 00:50:41', '2024-01-15 18:45:08'),
	(1150216, 23, 2280, 2287, 0, 2, NULL, '2024-01-13', '21:00:00', 'FT', '2024-01-03 00:50:41', '2024-01-15 18:45:08'),
	(1150217, 23, 2286, 2298, 1, 0, NULL, '2024-01-14', '12:00:00', 'FT', '2024-01-03 00:50:41', '2024-01-15 18:45:08'),
	(1150218, 23, 2288, 2283, 2, 1, NULL, '2024-01-14', '18:00:00', 'FT', '2024-01-03 00:50:41', '2024-01-15 18:45:08'),
	(1150219, 23, 2289, 2279, 1, 2, NULL, '2024-01-17', '19:00:00', 'FT', '2024-01-03 00:50:41', '2024-02-11 01:13:38'),
	(1150220, 24, 2291, 2288, 1, 2, NULL, '2024-01-19', '19:00:00', 'FT', '2024-01-03 00:50:41', '2024-02-11 01:13:38'),
	(1150221, 24, 2314, 2286, 3, 1, NULL, '2024-01-19', '21:00:00', 'FT', '2024-01-03 00:50:41', '2024-02-11 01:13:38'),
	(1150222, 24, 2298, 2295, 0, 0, NULL, '2024-01-19', '21:00:00', 'FT', '2024-01-03 00:50:41', '2024-02-11 01:13:38'),
	(1150223, 24, 2281, 14002, 4, 1, NULL, '2024-01-20', '17:00:00', 'FT', '2024-01-03 00:50:41', '2024-02-11 01:13:38'),
	(1150224, 24, 2287, 2290, 2, 0, NULL, '2024-01-20', '19:00:00', 'FT', '2024-01-03 00:50:41', '2024-02-11 01:13:38'),
	(1150225, 24, 2283, 2280, 0, 0, NULL, '2024-01-20', '21:00:00', 'FT', '2024-01-03 00:50:41', '2024-02-11 01:13:38'),
	(1150226, 24, 2292, 2289, 3, 2, NULL, '2024-01-21', '18:00:00', 'FT', '2024-01-03 00:50:41', '2024-02-11 01:13:38'),
	(1150227, 24, 2279, 2278, 1, 0, NULL, '2024-01-21', '18:00:00', 'FT', '2024-01-03 00:50:41', '2024-02-11 01:13:38'),
	(1150228, 24, 2285, 2282, 0, 2, NULL, '2024-01-21', '21:00:00', 'FT', '2024-01-03 00:50:41', '2024-02-11 01:13:38'),
	(1150229, 26, 2291, 2281, 1, 1, NULL, '2024-01-26', '19:00:00', 'FT', '2024-01-03 00:50:41', '2024-02-11 01:13:38'),
	(1150230, 26, 2280, 2278, 1, 1, NULL, '2024-01-26', '21:00:00', 'FT', '2024-01-03 00:50:41', '2024-02-11 01:13:38'),
	(1150231, 26, 2295, 14002, 2, 1, NULL, '2024-01-27', '17:00:00', 'FT', '2024-01-03 00:50:41', '2024-02-11 01:13:38'),
	(1150232, 26, 2289, 2285, 3, 2, NULL, '2024-01-27', '17:00:00', 'FT', '2024-01-03 00:50:41', '2024-02-11 01:13:38'),
	(1150233, 26, 2282, 2314, 3, 1, NULL, '2024-01-27', '19:00:00', 'FT', '2024-01-03 00:50:41', '2024-02-11 01:13:38'),
	(1150234, 26, 2288, 2287, 0, 0, NULL, '2024-01-27', '21:00:00', 'FT', '2024-01-03 00:50:41', '2024-02-11 01:13:38'),
	(1150235, 26, 2283, 2298, 2, 1, NULL, '2024-01-28', '16:00:00', 'FT', '2024-01-03 00:50:41', '2024-02-11 01:13:38'),
	(1150236, 26, 2286, 2292, 3, 1, NULL, '2024-01-28', '18:00:00', 'FT', '2024-01-03 00:50:41', '2024-02-11 01:13:38'),
	(1150237, 26, 2290, 2279, 1, 1, NULL, '2024-01-28', '20:00:00', 'FT', '2024-01-03 00:50:41', '2024-02-11 01:13:38'),
	(1150238, 25, 2314, 2279, 1, 2, NULL, '2024-01-24', '19:00:00', 'FT', '2024-01-03 00:50:41', '2024-02-11 01:13:38'),
	(1150239, 25, 2282, 2290, 1, 1, NULL, '2024-01-24', '19:00:00', 'FT', '2024-01-03 00:50:41', '2024-02-11 01:13:38'),
	(1150240, 25, 2298, 2287, 0, 2, NULL, '2024-01-24', '21:00:00', 'FT', '2024-01-03 00:50:41', '2024-02-11 01:13:38'),
	(1150241, 25, 2295, 2280, 1, 0, NULL, '2024-01-30', '19:00:00', 'FT', '2024-01-03 00:50:41', '2024-02-11 01:13:38'),
	(1150242, 25, 14002, 2289, 2, 2, NULL, '2024-01-30', '19:00:00', 'FT', '2024-01-03 00:50:41', '2024-02-11 01:13:38'),
	(1150243, 25, 2278, 2281, 3, 2, NULL, '2024-01-30', '21:00:00', 'FT', '2024-01-03 00:50:41', '2024-02-11 01:13:38'),
	(1150244, 25, 2292, 2283, 4, 3, NULL, '2024-01-31', '19:00:00', 'FT', '2024-01-03 00:50:41', '2024-02-11 01:13:38'),
	(1150245, 25, 2285, 2291, 3, 0, NULL, '2024-01-31', '21:00:00', 'FT', '2024-01-03 00:50:41', '2024-02-11 01:13:38'),
	(1150246, 25, 2286, 2288, 2, 2, NULL, '2024-01-31', '21:00:00', 'FT', '2024-01-03 00:50:41', '2024-02-11 01:13:38'),
	(1150247, 27, 2290, 2295, 1, 3, NULL, '2024-02-02', '19:00:00', 'FT', '2024-01-03 00:50:41', '2024-02-11 01:13:38'),
	(1150248, 27, 2291, 14002, 3, 2, NULL, '2024-02-02', '21:00:00', 'FT', '2024-01-03 00:50:41', '2024-02-11 01:13:38'),
	(1150249, 27, 2281, 2289, 4, 1, NULL, '2024-02-03', '17:00:00', 'FT', '2024-01-03 00:50:41', '2024-02-11 01:13:38'),
	(1150250, 27, 2298, 2288, 2, 2, NULL, '2024-02-03', '17:00:00', 'FT', '2024-01-03 00:50:41', '2024-02-11 01:13:38'),
	(1150251, 27, 2292, 2280, 3, 2, NULL, '2024-02-03', '19:00:00', 'FT', '2024-01-03 00:50:41', '2024-02-11 01:13:38'),
	(1150252, 27, 2279, 2286, 2, 2, NULL, '2024-02-03', '19:00:00', 'FT', '2024-01-03 00:50:41', '2024-02-11 01:13:38'),
	(1150253, 27, 2287, 2282, 1, 1, NULL, '2024-02-03', '21:00:00', 'FT', '2024-01-03 00:50:41', '2024-02-11 01:13:38'),
	(1150254, 27, 2283, 2285, 3, 0, NULL, '2024-02-04', '17:00:00', 'FT', '2024-01-03 00:50:41', '2024-02-11 01:13:38'),
	(1150255, 27, 2314, 2278, 0, 2, NULL, '2024-02-04', '19:00:00', 'FT', '2024-01-03 00:50:41', '2024-02-11 01:13:38'),
	(1150256, 28, 14002, 2283, 2, 0, NULL, '2024-02-09', '19:00:00', 'FT', '2024-01-03 00:50:41', '2024-02-11 01:13:38'),
	(1150257, 28, 2280, 2290, 1, 1, NULL, '2024-02-09', '21:00:00', 'FT', '2024-01-03 00:50:41', '2024-02-11 01:13:38'),
	(1150258, 28, 2288, 2281, 3, 3, NULL, '2024-02-10', '17:00:00', 'FT', '2024-01-03 00:50:41', '2024-02-11 01:13:38'),
	(1150259, 28, 2278, 2298, 2, 1, NULL, '2024-02-10', '17:00:00', 'FT', '2024-01-03 00:50:41', '2024-02-11 01:13:38'),
	(1150260, 28, 2295, 2314, 0, 0, NULL, '2024-02-10', '19:00:00', '1H', '2024-01-03 00:50:41', '2024-02-11 01:13:38'),
	(1150261, 28, 2289, 2287, 0, 0, NULL, '2024-02-10', '19:00:00', '1H', '2024-01-03 00:50:41', '2024-02-11 01:13:38'),
	(1150262, 28, 2282, 2292, NULL, NULL, NULL, '2024-02-10', '21:00:00', 'NS', '2024-01-03 00:50:41', '2024-01-03 00:51:38'),
	(1150263, 28, 2285, 2279, NULL, NULL, NULL, '2024-02-10', '21:00:00', 'NS', '2024-01-03 00:50:41', '2024-01-03 00:51:38'),
	(1150264, 28, 2286, 2291, NULL, NULL, NULL, '2024-02-11', '12:00:00', 'NS', '2024-01-03 00:50:41', '2024-01-03 00:51:38'),
	(1150265, 30, 2290, 2288, NULL, NULL, NULL, '2024-02-16', '19:00:00', 'NS', '2024-01-03 00:50:41', '2024-01-03 00:51:38'),
	(1150266, 30, 14002, 2278, NULL, NULL, NULL, '2024-02-16', '21:00:00', 'NS', '2024-01-03 00:50:41', '2024-01-03 00:51:38'),
	(1150267, 30, 2298, 2291, NULL, NULL, NULL, '2024-02-17', '17:00:00', 'NS', '2024-01-03 00:50:41', '2024-01-03 00:51:38'),
	(1150268, 30, 2314, 2280, NULL, NULL, NULL, '2024-02-17', '17:00:00', 'NS', '2024-01-03 00:50:41', '2024-01-03 00:51:38'),
	(1150269, 30, 2292, 2287, NULL, NULL, NULL, '2024-02-17', '19:00:00', 'NS', '2024-01-03 00:50:41', '2024-01-03 00:51:38'),
	(1150270, 30, 2295, 2279, NULL, NULL, NULL, '2024-02-17', '21:00:00', 'NS', '2024-01-03 00:50:41', '2024-01-03 00:51:38'),
	(1150271, 30, 2283, 2289, NULL, NULL, NULL, '2024-02-18', '16:00:00', 'NS', '2024-01-03 00:50:41', '2024-01-03 00:51:38'),
	(1150272, 30, 2286, 2285, NULL, NULL, NULL, '2024-02-18', '18:00:00', 'NS', '2024-01-03 00:50:41', '2024-01-03 00:51:38'),
	(1150273, 30, 2282, 2281, NULL, NULL, NULL, '2024-02-18', '20:00:00', 'NS', '2024-01-03 00:50:41', '2024-01-03 00:51:38'),
	(1150274, 31, 2291, 2290, NULL, NULL, NULL, '2024-02-23', '19:00:00', 'NS', '2024-01-03 00:50:41', '2024-01-03 00:51:38'),
	(1150275, 31, 2288, 2292, NULL, NULL, NULL, '2024-02-23', '21:00:00', 'NS', '2024-01-03 00:50:41', '2024-01-03 00:51:38'),
	(1150276, 31, 2298, 2282, NULL, NULL, NULL, '2024-02-23', '21:00:00', 'NS', '2024-01-03 00:50:41', '2024-01-03 00:51:38'),
	(1150277, 31, 2289, 2314, NULL, NULL, NULL, '2024-02-24', '17:00:00', 'NS', '2024-01-03 00:50:41', '2024-01-03 00:51:38'),
	(1150278, 31, 2278, 2286, NULL, NULL, NULL, '2024-02-24', '19:00:00', 'NS', '2024-01-03 00:50:41', '2024-01-03 00:51:38'),
	(1150279, 31, 2279, 2283, NULL, NULL, NULL, '2024-02-24', '19:00:00', 'NS', '2024-01-03 00:50:41', '2024-01-03 00:51:38'),
	(1150280, 31, 2287, 2295, NULL, NULL, NULL, '2024-02-24', '21:00:00', 'NS', '2024-01-03 00:50:41', '2024-01-03 00:51:38'),
	(1150281, 31, 2281, 2280, NULL, NULL, NULL, '2024-02-25', '12:00:00', 'NS', '2024-01-03 00:50:41', '2024-01-03 00:51:38'),
	(1150282, 31, 2285, 14002, NULL, NULL, NULL, '2024-02-25', '20:00:00', 'NS', '2024-01-03 00:50:41', '2024-01-03 00:51:38'),
	(1150283, 29, 2283, 2286, NULL, NULL, NULL, '2024-02-14', '21:00:00', 'NS', '2024-01-03 00:50:41', '2024-01-03 00:51:38'),
	(1150284, 29, 2291, 2292, NULL, NULL, NULL, '2024-02-20', '19:00:00', 'NS', '2024-01-03 00:50:41', '2024-01-03 00:51:38'),
	(1150285, 29, 2288, 2278, NULL, NULL, NULL, '2024-02-20', '21:00:00', 'NS', '2024-01-03 00:50:41', '2024-01-03 00:51:38'),
	(1150286, 29, 2281, 2285, NULL, NULL, NULL, '2024-02-21', '19:00:00', 'NS', '2024-01-03 00:50:41', '2024-01-03 00:51:38'),
	(1150287, 29, 2289, 2295, NULL, NULL, NULL, '2024-02-21', '21:00:00', 'NS', '2024-01-03 00:50:41', '2024-01-03 00:51:38'),
	(1150288, 29, 2287, 14002, NULL, NULL, NULL, '2024-02-21', '21:00:00', 'NS', '2024-01-03 00:50:41', '2024-01-03 00:51:38'),
	(1150289, 29, 2290, 2314, NULL, NULL, NULL, '2024-02-27', '19:00:00', 'NS', '2024-01-03 00:50:41', '2024-01-03 00:51:38'),
	(1150290, 29, 2279, 2298, NULL, NULL, NULL, '2024-02-28', '19:00:00', 'NS', '2024-01-03 00:50:41', '2024-01-03 00:51:38'),
	(1150291, 29, 2280, 2282, NULL, NULL, NULL, '2024-02-28', '21:00:00', 'NS', '2024-01-03 00:50:41', '2024-01-03 00:51:38'),
	(1150292, 32, 2290, 2285, NULL, NULL, NULL, '2024-03-01', '19:00:00', 'NS', '2024-01-03 00:50:41', '2024-01-03 00:51:38'),
	(1150293, 32, 2314, 2291, NULL, NULL, NULL, '2024-03-01', '19:00:00', 'NS', '2024-01-03 00:50:41', '2024-01-03 00:51:38'),
	(1150294, 32, 14002, 2288, NULL, NULL, NULL, '2024-03-01', '21:00:00', 'NS', '2024-01-03 00:50:41', '2024-01-03 00:51:38'),
	(1150295, 32, 2281, 2279, NULL, NULL, NULL, '2024-03-02', '17:00:00', 'NS', '2024-01-03 00:50:41', '2024-01-03 00:51:38'),
	(1150296, 32, 2292, 2298, NULL, NULL, NULL, '2024-03-02', '19:00:00', 'NS', '2024-01-03 00:50:41', '2024-01-03 00:51:38'),
	(1150297, 32, 2295, 2278, NULL, NULL, NULL, '2024-03-02', '19:00:00', 'NS', '2024-01-03 00:50:41', '2024-01-03 00:51:38'),
	(1150298, 32, 2283, 2287, NULL, NULL, NULL, '2024-03-02', '21:00:00', 'NS', '2024-01-03 00:50:41', '2024-01-03 00:51:38'),
	(1150299, 32, 2282, 2286, NULL, NULL, NULL, '2024-03-03', '17:00:00', 'NS', '2024-01-03 00:50:41', '2024-01-03 00:51:38'),
	(1150300, 32, 2280, 2289, NULL, NULL, NULL, '2024-03-03', '19:00:00', 'NS', '2024-01-03 00:50:41', '2024-01-03 00:51:38'),
	(1150301, 33, 2291, 2283, NULL, NULL, NULL, '2024-03-08', '19:00:00', 'NS', '2024-01-03 00:50:41', '2024-01-03 00:51:38'),
	(1150302, 33, 2298, 2281, NULL, NULL, NULL, '2024-03-08', '21:00:00', 'NS', '2024-01-03 00:50:41', '2024-01-03 00:51:38'),
	(1150303, 33, 2288, 2314, NULL, NULL, NULL, '2024-03-08', '21:00:00', 'NS', '2024-01-03 00:50:41', '2024-01-03 00:51:38'),
	(1150304, 33, 2278, 2289, NULL, NULL, NULL, '2024-03-09', '17:00:00', 'NS', '2024-01-03 00:50:41', '2024-01-03 00:51:38'),
	(1150305, 33, 2292, 2290, NULL, NULL, NULL, '2024-03-09', '19:00:00', 'NS', '2024-01-03 00:50:41', '2024-01-03 00:51:38'),
	(1150306, 33, 2285, 2295, NULL, NULL, NULL, '2024-03-09', '19:00:00', 'NS', '2024-01-03 00:50:41', '2024-01-03 00:51:38'),
	(1150307, 33, 2287, 2279, NULL, NULL, NULL, '2024-03-09', '21:00:00', 'NS', '2024-01-03 00:50:41', '2024-01-03 00:51:38'),
	(1150308, 33, 2286, 2280, NULL, NULL, NULL, '2024-03-10', '12:00:00', 'NS', '2024-01-03 00:50:41', '2024-01-03 00:51:38'),
	(1150309, 33, 2282, 14002, NULL, NULL, NULL, '2024-03-10', '19:00:00', 'NS', '2024-01-03 00:50:41', '2024-01-03 00:51:38'),
	(1150310, 34, 2290, 2298, NULL, NULL, NULL, '2024-03-15', '19:00:00', 'NS', '2024-01-03 00:50:41', '2024-01-03 00:51:38'),
	(1150311, 34, 2280, 2285, NULL, NULL, NULL, '2024-03-15', '21:00:00', 'NS', '2024-01-03 00:50:41', '2024-01-03 00:51:38'),
	(1150312, 34, 2295, 2288, NULL, NULL, NULL, '2024-03-16', '17:00:00', 'NS', '2024-01-03 00:50:41', '2024-01-03 00:51:38'),
	(1150313, 34, 2289, 2291, NULL, NULL, NULL, '2024-03-16', '19:00:00', 'NS', '2024-01-03 00:50:41', '2024-01-03 00:51:38'),
	(1150314, 34, 2281, 2286, NULL, NULL, NULL, '2024-03-16', '19:00:00', 'NS', '2024-01-03 00:50:41', '2024-01-03 00:51:38'),
	(1150315, 34, 2279, 14002, NULL, NULL, NULL, '2024-03-16', '21:00:00', 'NS', '2024-01-03 00:50:41', '2024-01-03 00:51:38'),
	(1150316, 34, 2278, 2287, NULL, NULL, NULL, '2024-03-16', '21:00:00', 'NS', '2024-01-03 00:50:41', '2024-01-03 00:51:38'),
	(1150317, 34, 2283, 2282, NULL, NULL, NULL, '2024-03-17', '17:00:00', 'NS', '2024-01-03 00:50:41', '2024-01-03 00:51:38'),
	(1150318, 34, 2314, 2292, NULL, NULL, NULL, '2024-03-17', '19:00:00', 'NS', '2024-01-03 00:50:42', '2024-01-03 00:51:38'),
	(1150319, 35, 2291, 2279, NULL, NULL, NULL, '2024-03-29', '18:00:00', 'NS', '2024-01-03 00:50:42', '2024-01-03 00:51:38'),
	(1150320, 35, 14002, 2280, NULL, NULL, NULL, '2024-03-29', '20:00:00', 'NS', '2024-01-03 00:50:42', '2024-01-03 00:51:38'),
	(1150321, 35, 2287, 2314, NULL, NULL, NULL, '2024-03-30', '16:00:00', 'NS', '2024-01-03 00:50:42', '2024-01-03 00:51:38'),
	(1150322, 35, 2292, 2281, NULL, NULL, NULL, '2024-03-30', '19:00:00', 'NS', '2024-01-03 00:50:42', '2024-01-03 00:51:38'),
	(1150323, 35, 2282, 2278, NULL, NULL, NULL, '2024-03-30', '19:00:00', 'NS', '2024-01-03 00:50:42', '2024-01-03 00:51:38'),
	(1150324, 35, 2286, 2295, NULL, NULL, NULL, '2024-03-30', '21:00:00', 'NS', '2024-01-03 00:50:42', '2024-01-03 00:51:38'),
	(1150325, 35, 2283, 2290, NULL, NULL, NULL, '2024-03-31', '17:00:00', 'NS', '2024-01-03 00:50:42', '2024-01-03 00:51:38'),
	(1150326, 35, 2288, 2289, NULL, NULL, NULL, '2024-03-31', '19:00:00', 'NS', '2024-01-03 00:50:42', '2024-01-03 00:51:38'),
	(1150327, 35, 2298, 2285, NULL, NULL, NULL, '2024-03-31', '21:00:00', 'NS', '2024-01-03 00:50:42', '2024-01-03 00:51:38'),
	(1150328, 36, 14002, 2286, NULL, NULL, NULL, '2024-04-05', '19:00:00', 'NS', '2024-01-03 00:50:42', '2024-01-03 00:51:38'),
	(1150329, 36, 2280, 2288, NULL, NULL, NULL, '2024-04-05', '21:00:00', 'NS', '2024-01-03 00:50:42', '2024-01-03 00:51:38'),
	(1150330, 36, 2289, 2290, NULL, NULL, NULL, '2024-04-06', '17:00:00', 'NS', '2024-01-03 00:50:42', '2024-01-03 00:51:38'),
	(1150331, 36, 2278, 2291, NULL, NULL, NULL, '2024-04-06', '19:00:00', 'NS', '2024-01-03 00:50:42', '2024-01-03 00:51:38'),
	(1150332, 36, 2279, 2292, NULL, NULL, NULL, '2024-04-06', '19:00:00', 'NS', '2024-01-03 00:50:42', '2024-01-03 00:51:38'),
	(1150333, 36, 2295, 2282, NULL, NULL, NULL, '2024-04-06', '21:00:00', 'NS', '2024-01-03 00:50:42', '2024-01-03 00:51:38'),
	(1150334, 36, 2285, 2287, NULL, NULL, NULL, '2024-04-06', '21:00:00', 'NS', '2024-01-03 00:50:42', '2024-01-03 00:51:38'),
	(1150335, 36, 2281, 2283, NULL, NULL, NULL, '2024-04-07', '13:00:00', 'NS', '2024-01-03 00:50:42', '2024-01-03 00:51:38'),
	(1150336, 36, 2314, 2298, NULL, NULL, NULL, '2024-04-07', '19:00:00', 'NS', '2024-01-03 00:50:42', '2024-01-03 00:51:38'),
	(1150337, 37, 2290, 14002, NULL, NULL, NULL, '2024-04-12', '20:00:00', 'NS', '2024-01-03 00:50:42', '2024-01-03 00:51:38'),
	(1150338, 37, 2288, 2285, NULL, NULL, NULL, '2024-04-12', '22:00:00', 'NS', '2024-01-03 00:50:42', '2024-01-03 00:51:38'),
	(1150339, 37, 2291, 2295, NULL, NULL, NULL, '2024-04-12', '22:00:00', 'NS', '2024-01-03 00:50:42', '2024-01-03 00:51:38'),
	(1150340, 37, 2292, 2278, NULL, NULL, NULL, '2024-04-13', '18:00:00', 'NS', '2024-01-03 00:50:42', '2024-01-03 00:51:38'),
	(1150341, 37, 2287, 2281, NULL, NULL, NULL, '2024-04-13', '20:00:00', 'NS', '2024-01-03 00:50:42', '2024-01-03 00:51:38'),
	(1150342, 37, 2282, 2279, NULL, NULL, NULL, '2024-04-13', '22:00:00', 'NS', '2024-01-03 00:50:42', '2024-01-03 00:51:38'),
	(1150343, 37, 2283, 2314, NULL, NULL, NULL, '2024-04-14', '17:00:00', 'NS', '2024-01-03 00:50:42', '2024-01-03 00:51:38'),
	(1150344, 37, 2286, 2289, NULL, NULL, NULL, '2024-04-14', '19:00:00', 'NS', '2024-01-03 00:50:42', '2024-01-03 00:51:38'),
	(1150345, 37, 2298, 2280, NULL, NULL, NULL, '2024-04-14', '21:00:00', 'NS', '2024-01-03 00:50:42', '2024-01-03 00:51:38'),
	(1150346, 38, 14002, 2298, NULL, NULL, NULL, '2024-04-19', '20:00:00', 'NS', '2024-01-03 00:50:42', '2024-01-03 00:51:38'),
	(1150347, 38, 2314, 2281, NULL, NULL, NULL, '2024-04-19', '22:00:00', 'NS', '2024-01-03 00:50:42', '2024-01-03 00:51:38'),
	(1150348, 38, 2280, 2291, NULL, NULL, NULL, '2024-04-19', '22:00:00', 'NS', '2024-01-03 00:50:42', '2024-01-03 00:51:38'),
	(1150349, 38, 2289, 2282, NULL, NULL, NULL, '2024-04-20', '18:00:00', 'NS', '2024-01-03 00:50:42', '2024-01-03 00:51:38'),
	(1150350, 38, 2279, 2288, NULL, NULL, NULL, '2024-04-20', '20:00:00', 'NS', '2024-01-03 00:50:42', '2024-01-03 00:51:38'),
	(1150351, 38, 2278, 2290, NULL, NULL, NULL, '2024-04-20', '20:00:00', 'NS', '2024-01-03 00:50:42', '2024-01-03 00:51:38'),
	(1150352, 38, 2286, 2287, NULL, NULL, NULL, '2024-04-20', '22:00:00', 'NS', '2024-01-03 00:50:42', '2024-01-03 00:51:38'),
	(1150353, 38, 2295, 2283, NULL, NULL, NULL, '2024-04-21', '19:00:00', 'NS', '2024-01-03 00:50:42', '2024-01-03 00:51:38'),
	(1150354, 38, 2285, 2292, NULL, NULL, NULL, '2024-04-21', '21:00:00', 'NS', '2024-01-03 00:50:42', '2024-01-03 00:51:38'),
	(1150355, 39, 2291, 2287, NULL, NULL, NULL, '2024-04-26', '20:00:00', 'NS', '2024-01-03 00:50:42', '2024-01-03 00:51:38'),
	(1150356, 39, 2290, 2286, NULL, NULL, NULL, '2024-04-26', '22:00:00', 'NS', '2024-01-03 00:50:42', '2024-01-03 00:51:38'),
	(1150357, 39, 2298, 2289, NULL, NULL, NULL, '2024-04-27', '18:00:00', 'NS', '2024-01-03 00:50:42', '2024-01-03 00:51:38'),
	(1150358, 39, 2279, 2280, NULL, NULL, NULL, '2024-04-27', '18:00:00', 'NS', '2024-01-03 00:50:42', '2024-01-03 00:51:38'),
	(1150359, 39, 2292, 14002, NULL, NULL, NULL, '2024-04-27', '20:00:00', 'NS', '2024-01-03 00:50:42', '2024-01-03 00:51:38'),
	(1150360, 39, 2281, 2295, NULL, NULL, NULL, '2024-04-27', '20:00:00', 'NS', '2024-01-03 00:50:42', '2024-01-03 00:51:38'),
	(1150361, 39, 2283, 2278, NULL, NULL, NULL, '2024-04-27', '22:00:00', 'NS', '2024-01-03 00:50:42', '2024-01-03 00:51:38'),
	(1150362, 39, 2288, 2282, NULL, NULL, NULL, '2024-04-28', '19:00:00', 'NS', '2024-01-03 00:50:42', '2024-01-03 00:51:39'),
	(1150363, 39, 2285, 2314, NULL, NULL, NULL, '2024-04-28', '21:00:00', 'NS', '2024-01-03 00:50:42', '2024-01-03 00:51:39');

-- Volcando estructura para tabla juguemos_la_reta.jobs
CREATE TABLE IF NOT EXISTS `jobs` (
  `id` bigint(20) unsigned NOT NULL AUTO_INCREMENT,
  `queue` varchar(255) NOT NULL,
  `payload` longtext NOT NULL,
  `attempts` tinyint(3) unsigned NOT NULL,
  `reserved_at` int(10) unsigned DEFAULT NULL,
  `available_at` int(10) unsigned NOT NULL,
  `created_at` int(10) unsigned NOT NULL,
  PRIMARY KEY (`id`),
  KEY `jobs_queue_index` (`queue`)
) ENGINE=InnoDB DEFAULT CHARSET=utf8mb4 COLLATE=utf8mb4_unicode_ci;

-- Volcando datos para la tabla juguemos_la_reta.jobs: ~0 rows (aproximadamente)

-- Volcando estructura para tabla juguemos_la_reta.leagues
CREATE TABLE IF NOT EXISTS `leagues` (
  `id` bigint(20) unsigned NOT NULL,
  `slug` varchar(250) NOT NULL,
  `name` varchar(100) NOT NULL,
  `logo` varchar(200) NOT NULL,
  `country_id` bigint(20) unsigned DEFAULT NULL,
  `created_at` timestamp NULL DEFAULT NULL,
  `updated_at` timestamp NULL DEFAULT NULL,
  KEY `leagues_country_id_foreign` (`country_id`),
  CONSTRAINT `leagues_country_id_foreign` FOREIGN KEY (`country_id`) REFERENCES `countries` (`id`)
) ENGINE=InnoDB DEFAULT CHARSET=utf8mb4 COLLATE=utf8mb4_unicode_ci;

-- Volcando datos para la tabla juguemos_la_reta.leagues: ~0 rows (aproximadamente)
INSERT INTO `leagues` (`id`, `slug`, `name`, `logo`, `country_id`, `created_at`, `updated_at`) VALUES
	(262, 'liga-mx', 'Liga MX', 'https://media-4.api-sports.io/football/leagues/262.png', 1, '2023-11-24 01:02:05', '2023-11-24 01:02:05');

-- Volcando estructura para tabla juguemos_la_reta.matchdays
CREATE TABLE IF NOT EXISTS `matchdays` (
  `id` bigint(20) unsigned NOT NULL AUTO_INCREMENT,
  `slug` varchar(300) NOT NULL,
  `name` varchar(150) NOT NULL,
  `current` smallint(6) NOT NULL,
  `league_id` bigint(20) unsigned NOT NULL,
  `number_matches` smallint(6) DEFAULT NULL,
  `active` smallint(6) NOT NULL DEFAULT 0,
  `visible` smallint(6) NOT NULL DEFAULT 0,
  `price` int(11) DEFAULT NULL,
  `high_prize` int(11) DEFAULT NULL,
  `low_prize` int(11) DEFAULT NULL,
  `start_date` datetime DEFAULT NULL,
  `end_date` datetime DEFAULT NULL,
  `created_at` timestamp NULL DEFAULT NULL,
  `updated_at` timestamp NULL DEFAULT NULL,
  `deleted_at` timestamp NULL DEFAULT NULL,
  PRIMARY KEY (`id`)
) ENGINE=InnoDB AUTO_INCREMENT=40 DEFAULT CHARSET=utf8mb4 COLLATE=utf8mb4_unicode_ci;

-- Volcando datos para la tabla juguemos_la_reta.matchdays: ~39 rows (aproximadamente)
INSERT INTO `matchdays` (`id`, `slug`, `name`, `current`, `league_id`, `number_matches`, `active`, `visible`, `price`, `high_prize`, `low_prize`, `start_date`, `end_date`, `created_at`, `updated_at`, `deleted_at`) VALUES
	(1, 'apertura-1', 'Apertura - 1', 0, 262, 9, 0, 0, 50, NULL, NULL, '2023-06-30 20:00:00', '2023-07-03 21:00:00', '2023-11-24 01:02:08', '2023-11-24 01:25:02', NULL),
	(2, 'apertura-2', 'Apertura - 2', 0, 262, 9, 0, 0, 50, NULL, NULL, '2023-07-07 20:00:00', '2023-07-10 21:00:00', '2023-11-24 01:02:08', '2023-11-24 01:25:02', NULL),
	(3, 'apertura-3', 'Apertura - 3', 0, 262, 9, 0, 0, 50, NULL, NULL, '2023-07-13 20:05:00', '2023-07-16 21:15:00', '2023-11-24 01:02:08', '2023-11-24 01:25:02', NULL),
	(4, 'apertura-4', 'Apertura - 4', 0, 262, 9, 0, 0, 50, NULL, NULL, '2023-08-18 22:06:00', '2023-08-20 20:06:00', '2023-11-24 01:02:08', '2023-11-24 01:25:02', NULL),
	(5, 'apertura-5', 'Apertura - 5', 0, 262, 9, 0, 0, 50, NULL, NULL, '2023-08-23 20:00:00', '2023-08-23 22:00:00', '2023-11-24 01:02:08', '2023-11-24 01:25:02', NULL),
	(6, 'apertura-6', 'Apertura - 6', 0, 262, 9, 0, 0, 50, NULL, NULL, '2023-08-25 22:10:00', '2023-08-25 20:00:00', '2023-11-24 01:02:08', '2024-02-11 01:14:15', NULL),
	(7, 'apertura-7', 'Apertura - 7', 0, 262, 9, 0, 0, 50, NULL, NULL, '2023-09-03 21:00:00', '2023-09-03 13:00:00', '2023-11-24 01:02:08', '2023-11-24 01:25:02', NULL),
	(8, 'apertura-8', 'Apertura - 8', 0, 262, 9, 0, 0, 50, NULL, NULL, '2023-09-16 20:00:00', '2023-09-18 22:00:00', '2023-11-24 01:02:08', '2023-11-24 01:25:02', NULL),
	(9, 'apertura-9', 'Apertura - 9', 0, 262, 9, 0, 0, 50, NULL, NULL, '2023-09-22 20:00:00', '2023-09-24 13:00:00', '2023-11-24 01:02:08', '2023-11-24 01:25:02', NULL),
	(10, 'apertura-11', 'Apertura - 11', 0, 262, 9, 0, 0, 50, NULL, NULL, '2023-10-03 20:00:00', '2023-10-24 20:00:00', '2023-11-24 01:02:08', '2023-11-24 01:25:02', NULL),
	(11, 'apertura-10', 'Apertura - 10', 0, 262, 9, 0, 0, 50, NULL, NULL, '2023-09-28 21:00:00', '2023-09-29 22:00:00', '2023-11-24 01:02:08', '2023-11-24 01:25:02', NULL),
	(12, 'apertura-12', 'Apertura - 12', 0, 262, 9, 0, 0, 50, NULL, NULL, '2023-10-06 22:00:00', '2023-10-08 22:00:00', '2023-11-24 01:02:08', '2023-11-24 01:25:02', NULL),
	(13, 'apertura-13', 'Apertura - 13', 0, 262, 9, 0, 0, 50, NULL, NULL, '2023-10-20 20:00:00', '2023-10-20 22:10:00', '2023-11-24 01:02:08', '2023-11-24 01:25:02', NULL),
	(14, 'apertura-14', 'Apertura - 14', 0, 262, 9, 0, 0, 50, NULL, NULL, '2023-10-27 20:00:00', '2023-10-29 21:00:00', '2023-11-24 01:02:08', '2023-11-24 01:25:02', NULL),
	(15, 'apertura-15', 'Apertura - 15', 0, 262, 9, 0, 0, 50, NULL, NULL, '2023-10-31 19:00:00', '2023-10-31 19:00:00', '2023-11-24 01:02:08', '2023-11-29 00:59:14', NULL),
	(16, 'apertura-16', 'Apertura - 16', 0, 262, 9, 0, 0, 50, NULL, NULL, '2023-11-03 21:00:00', '2023-11-05 20:06:00', '2023-11-24 01:02:08', '2023-11-29 00:59:16', NULL),
	(17, 'apertura-17', 'Apertura - 17', 0, 262, 9, 0, 0, 50, 210, NULL, '2023-11-10 19:00:00', '2023-11-12 20:05:00', '2023-11-24 01:02:08', '2024-01-03 00:52:06', NULL),
	(18, 'apertura-reclasificacion', 'Apertura - Reclasificación', 0, 262, 2, 0, 0, 50, NULL, NULL, '2023-11-23 19:00:00', '2023-11-23 21:10:00', '2023-11-24 01:02:08', '2024-01-03 00:53:29', NULL),
	(19, 'apertura-quarter-finals', 'Apertura - Quarter-finals', 0, 262, 8, 0, 0, 50, NULL, NULL, '2023-11-29 15:00:00', '2023-12-02 19:00:00', '2023-11-24 01:02:08', '2024-01-15 18:27:00', NULL),
	(20, 'apertura-play-offs', 'Apertura - Play-offs', 0, 262, 1, 0, 0, 50, NULL, NULL, '2023-11-26 20:06:00', '2023-11-26 20:06:00', '2023-11-29 00:58:38', '2024-01-15 18:26:53', NULL),
	(21, 'apertura-semi-finals', 'Apertura - Semi-finals', 0, 262, 4, 0, 0, 50, NULL, NULL, '2023-12-06 21:00:00', '2023-12-10 20:00:00', '2024-01-03 00:50:34', '2024-01-15 18:27:03', NULL),
	(22, 'apertura-final', 'Apertura - Final', 0, 262, 2, 0, 0, 50, NULL, NULL, '2023-12-14 21:00:00', '2023-12-17 19:30:00', '2024-01-03 00:50:34', '2024-01-15 18:27:04', NULL),
	(23, 'clausura-1', 'Clausura - 1', 0, 262, 9, 0, 0, 50, NULL, NULL, '2024-01-12 19:00:00', '2024-01-17 19:00:00', '2024-01-03 00:50:34', '2024-02-11 01:14:48', NULL),
	(24, 'clausura-2', 'Clausura - 2', 0, 262, 9, 0, 0, 50, NULL, NULL, '2024-01-19 19:00:00', '2024-01-21 21:00:00', '2024-01-03 00:50:34', '2024-02-11 01:14:57', NULL),
	(25, 'clausura-4', 'Clausura - 4', 0, 262, 9, 0, 0, 50, NULL, NULL, '2024-01-24 19:00:00', '2024-01-31 21:00:00', '2024-01-03 00:50:34', '2024-02-11 18:04:36', NULL),
	(26, 'clausura-3', 'Clausura - 3', 0, 262, 9, 0, 0, 50, NULL, NULL, '2024-01-26 19:00:00', '2024-01-28 20:00:00', '2024-01-03 00:50:34', '2024-01-03 00:50:42', NULL),
	(27, 'clausura-5', 'Clausura - 5', 0, 262, 9, 0, 1, 50, NULL, NULL, '2024-02-02 19:00:00', '2024-02-04 19:00:00', '2024-01-03 00:50:34', '2024-02-11 01:14:33', NULL),
	(28, 'clausura-6', 'Clausura - 6', 1, 262, 9, 0, 1, 50, NULL, NULL, '2024-02-09 19:00:00', '2024-02-11 12:00:00', '2024-01-03 00:50:34', '2024-02-11 01:14:30', NULL),
	(29, 'clausura-9', 'Clausura - 9', 0, 262, 9, 0, 0, 50, NULL, NULL, '2024-02-14 21:00:00', '2024-02-28 21:00:00', '2024-01-03 00:50:34', '2024-02-11 01:15:18', NULL),
	(30, 'clausura-7', 'Clausura - 7', 0, 262, 9, 1, 1, 50, NULL, NULL, '2024-02-16 19:00:00', '2024-02-18 20:00:00', '2024-01-03 00:50:34', '2024-02-11 01:14:09', NULL),
	(31, 'clausura-8', 'Clausura - 8', 0, 262, 9, 0, 1, 50, NULL, NULL, '2024-02-23 19:00:00', '2024-02-25 20:00:00', '2024-01-03 00:50:34', '2024-02-11 18:04:45', NULL),
	(32, 'clausura-10', 'Clausura - 10', 0, 262, 9, 0, 0, 50, NULL, NULL, '2024-03-01 19:00:00', '2024-03-03 19:00:00', '2024-01-03 00:50:34', '2024-01-03 00:50:42', NULL),
	(33, 'clausura-11', 'Clausura - 11', 0, 262, 9, 0, 0, 50, NULL, NULL, '2024-03-08 19:00:00', '2024-03-10 19:00:00', '2024-01-03 00:50:34', '2024-01-03 00:50:42', NULL),
	(34, 'clausura-12', 'Clausura - 12', 0, 262, 9, 0, 0, 50, NULL, NULL, '2024-03-15 19:00:00', '2024-03-17 19:00:00', '2024-01-03 00:50:34', '2024-01-03 00:50:42', NULL),
	(35, 'clausura-13', 'Clausura - 13', 0, 262, 9, 0, 0, 50, NULL, NULL, '2024-03-29 18:00:00', '2024-03-31 21:00:00', '2024-01-03 00:50:34', '2024-01-03 00:50:42', NULL),
	(36, 'clausura-14', 'Clausura - 14', 0, 262, 9, 0, 0, 50, NULL, NULL, '2024-04-05 19:00:00', '2024-04-07 19:00:00', '2024-01-03 00:50:34', '2024-01-03 00:50:42', NULL),
	(37, 'clausura-15', 'Clausura - 15', 0, 262, 9, 0, 0, 50, NULL, NULL, '2024-04-12 20:00:00', '2024-04-14 21:00:00', '2024-01-03 00:50:34', '2024-01-03 00:50:42', NULL),
	(38, 'clausura-16', 'Clausura - 16', 0, 262, 9, 0, 0, 50, NULL, NULL, '2024-04-19 20:00:00', '2024-04-21 21:00:00', '2024-01-03 00:50:34', '2024-01-03 00:50:42', NULL),
	(39, 'clausura-17', 'Clausura - 17', 0, 262, 9, 0, 0, 50, NULL, NULL, '2024-04-26 20:00:00', '2024-04-28 21:00:00', '2024-01-03 00:50:34', '2024-01-03 00:50:42', NULL);

-- Volcando estructura para tabla juguemos_la_reta.matches
CREATE TABLE IF NOT EXISTS `matches` (
  `id` bigint(20) unsigned NOT NULL AUTO_INCREMENT,
  `matchday_id` bigint(20) unsigned NOT NULL,
  `game_id` bigint(20) unsigned NOT NULL,
  `result` varchar(1) DEFAULT NULL,
  `created_at` timestamp NULL DEFAULT NULL,
  `updated_at` timestamp NULL DEFAULT NULL,
  PRIMARY KEY (`id`),
  KEY `matches_matchday_id_foreign` (`matchday_id`),
  CONSTRAINT `matches_matchday_id_foreign` FOREIGN KEY (`matchday_id`) REFERENCES `matchdays` (`id`)
) ENGINE=InnoDB AUTO_INCREMENT=324 DEFAULT CHARSET=utf8mb4 COLLATE=utf8mb4_unicode_ci;

-- Volcando datos para la tabla juguemos_la_reta.matches: ~323 rows (aproximadamente)
INSERT INTO `matches` (`id`, `matchday_id`, `game_id`, `result`, `created_at`, `updated_at`) VALUES
	(1, 1, 1031275, 'V', '2023-11-24 01:25:01', '2023-11-24 01:25:01'),
	(2, 1, 1031276, 'V', '2023-11-24 01:25:01', '2023-11-24 01:25:01'),
	(3, 1, 1031277, 'E', '2023-11-24 01:25:01', '2023-11-24 01:25:01'),
	(4, 1, 1031278, 'E', '2023-11-24 01:25:01', '2023-11-24 01:25:01'),
	(5, 1, 1031279, 'E', '2023-11-24 01:25:01', '2023-11-24 01:25:01'),
	(6, 1, 1031280, 'L', '2023-11-24 01:25:01', '2023-11-24 01:25:01'),
	(7, 1, 1031281, 'E', '2023-11-24 01:25:01', '2023-11-24 01:25:01'),
	(8, 1, 1031282, 'V', '2023-11-24 01:25:01', '2023-11-24 01:25:01'),
	(9, 1, 1031283, 'V', '2023-11-24 01:25:01', '2023-11-24 01:25:01'),
	(10, 2, 1031284, 'V', '2023-11-24 01:25:01', '2023-11-24 01:25:01'),
	(11, 2, 1031285, 'E', '2023-11-24 01:25:01', '2023-11-24 01:25:01'),
	(12, 2, 1031286, 'L', '2023-11-24 01:25:01', '2023-11-24 01:25:01'),
	(13, 2, 1031287, 'L', '2023-11-24 01:25:01', '2023-11-24 01:25:01'),
	(14, 2, 1031288, 'V', '2023-11-24 01:25:01', '2023-11-24 01:25:01'),
	(15, 2, 1031289, 'E', '2023-11-24 01:25:01', '2023-11-24 01:25:01'),
	(16, 2, 1031290, 'E', '2023-11-24 01:25:01', '2023-11-24 01:25:01'),
	(17, 2, 1031291, 'V', '2023-11-24 01:25:01', '2023-11-24 01:25:01'),
	(18, 2, 1031292, 'L', '2023-11-24 01:25:01', '2023-11-24 01:25:01'),
	(19, 3, 1031293, 'E', '2023-11-24 01:25:01', '2023-11-24 01:25:01'),
	(20, 3, 1031294, 'L', '2023-11-24 01:25:01', '2023-11-24 01:25:01'),
	(21, 3, 1031295, 'V', '2023-11-24 01:25:01', '2023-11-24 01:25:01'),
	(22, 3, 1031296, 'L', '2023-11-24 01:25:01', '2023-11-24 01:25:01'),
	(23, 3, 1031297, 'L', '2023-11-24 01:25:01', '2023-11-24 01:25:01'),
	(24, 3, 1031298, 'L', '2023-11-24 01:25:01', '2023-11-24 01:25:01'),
	(25, 3, 1031299, 'L', '2023-11-24 01:25:01', '2023-11-24 01:25:01'),
	(26, 3, 1031300, 'V', '2023-11-24 01:25:01', '2023-11-24 01:25:01'),
	(27, 3, 1031301, 'E', '2023-11-24 01:25:01', '2023-11-24 01:25:01'),
	(28, 4, 1031302, 'V', '2023-11-24 01:25:01', '2023-11-24 01:25:01'),
	(29, 4, 1031303, 'E', '2023-11-24 01:25:01', '2023-11-24 01:25:01'),
	(30, 4, 1031304, 'V', '2023-11-24 01:25:01', '2023-11-24 01:25:01'),
	(31, 4, 1031305, 'L', '2023-11-24 01:25:01', '2023-11-24 01:25:01'),
	(32, 4, 1031306, 'L', '2023-11-24 01:25:01', '2023-11-24 01:25:01'),
	(33, 4, 1031307, 'E', '2023-11-24 01:25:01', '2023-11-24 01:25:01'),
	(34, 4, 1031308, 'E', '2023-11-24 01:25:01', '2023-11-24 01:25:01'),
	(35, 4, 1031309, 'E', '2023-11-24 01:25:01', '2023-11-24 01:25:01'),
	(36, 4, 1031310, 'E', '2023-11-24 01:25:01', '2023-11-24 01:25:01'),
	(37, 5, 1031311, 'L', '2023-11-24 01:25:01', '2023-11-24 01:25:01'),
	(38, 5, 1031312, 'L', '2023-11-24 01:25:01', '2023-11-24 01:25:01'),
	(39, 5, 1031313, 'V', '2023-11-24 01:25:01', '2023-11-24 01:25:01'),
	(40, 5, 1031314, 'L', '2023-11-24 01:25:01', '2023-11-24 01:25:01'),
	(41, 5, 1031315, 'L', '2023-11-24 01:25:01', '2023-11-24 01:25:01'),
	(42, 5, 1031316, 'L', '2023-11-24 01:25:01', '2023-11-24 01:25:01'),
	(43, 5, 1031317, 'L', '2023-11-24 01:25:01', '2023-11-24 01:25:01'),
	(44, 5, 1031318, 'L', '2023-11-24 01:25:01', '2023-11-24 01:25:01'),
	(45, 6, 1031319, 'E', '2023-11-24 01:25:01', '2023-11-24 01:25:01'),
	(46, 6, 1031320, 'E', '2023-11-24 01:25:01', '2023-11-24 01:25:01'),
	(47, 6, 1031321, 'E', '2023-11-24 01:25:01', '2023-11-24 01:25:01'),
	(48, 6, 1031322, 'L', '2023-11-24 01:25:01', '2023-11-24 01:25:01'),
	(49, 6, 1031323, 'V', '2023-11-24 01:25:01', '2023-11-24 01:25:01'),
	(50, 6, 1031324, 'L', '2023-11-24 01:25:01', '2023-11-24 01:25:01'),
	(51, 6, 1031325, 'V', '2023-11-24 01:25:01', '2023-11-24 01:25:01'),
	(52, 6, 1031326, 'V', '2023-11-24 01:25:01', '2023-11-24 01:25:01'),
	(53, 7, 1031327, 'L', '2023-11-24 01:25:01', '2023-11-24 01:25:01'),
	(54, 7, 1031328, 'L', '2023-11-24 01:25:01', '2023-11-24 01:25:01'),
	(55, 7, 1031329, 'L', '2023-11-24 01:25:01', '2023-11-24 01:25:01'),
	(56, 7, 1031330, 'V', '2023-11-24 01:25:01', '2023-11-24 01:25:01'),
	(57, 7, 1031331, 'E', '2023-11-24 01:25:01', '2023-11-24 01:25:01'),
	(58, 7, 1031332, 'L', '2023-11-24 01:25:01', '2023-11-24 01:25:01'),
	(59, 7, 1031333, 'L', '2023-11-24 01:25:01', '2023-11-24 01:25:01'),
	(60, 7, 1031334, 'V', '2023-11-24 01:25:01', '2023-11-24 01:25:01'),
	(61, 7, 1031335, 'L', '2023-11-24 01:25:01', '2023-11-24 01:25:01'),
	(62, 8, 1031336, 'L', '2023-11-24 01:25:01', '2023-11-24 01:25:01'),
	(63, 8, 1031337, 'L', '2023-11-24 01:25:01', '2023-11-24 01:25:01'),
	(64, 8, 1031338, 'E', '2023-11-24 01:25:01', '2023-11-24 01:25:01'),
	(65, 8, 1031339, 'L', '2023-11-24 01:25:01', '2023-11-24 01:25:01'),
	(66, 8, 1031340, 'E', '2023-11-24 01:25:01', '2023-11-24 01:25:01'),
	(67, 8, 1031341, 'L', '2023-11-24 01:25:01', '2023-11-24 01:25:01'),
	(68, 8, 1031342, 'E', '2023-11-24 01:25:01', '2023-11-24 01:25:01'),
	(69, 8, 1031343, 'L', '2023-11-24 01:25:01', '2023-11-24 01:25:01'),
	(70, 8, 1031344, 'L', '2023-11-24 01:25:01', '2023-11-24 01:25:01'),
	(71, 9, 1031345, 'L', '2023-11-24 01:25:01', '2023-11-24 01:25:01'),
	(72, 9, 1031346, 'V', '2023-11-24 01:25:01', '2023-11-24 01:25:01'),
	(73, 9, 1031347, 'V', '2023-11-24 01:25:01', '2023-11-24 01:25:01'),
	(74, 9, 1031348, 'L', '2023-11-24 01:25:01', '2023-11-24 01:25:01'),
	(75, 9, 1031349, 'E', '2023-11-24 01:25:01', '2023-11-24 01:25:01'),
	(76, 9, 1031350, 'L', '2023-11-24 01:25:02', '2023-11-24 01:25:02'),
	(77, 9, 1031351, 'V', '2023-11-24 01:25:02', '2023-11-24 01:25:02'),
	(78, 9, 1031352, 'V', '2023-11-24 01:25:02', '2023-11-24 01:25:02'),
	(79, 11, 1031353, 'V', '2023-11-24 01:25:02', '2023-11-24 01:25:02'),
	(80, 11, 1031354, 'E', '2023-11-24 01:25:02', '2023-11-24 01:25:02'),
	(81, 11, 1031355, 'V', '2023-11-24 01:25:02', '2023-11-24 01:25:02'),
	(82, 11, 1031356, 'L', '2023-11-24 01:25:02', '2023-11-24 01:25:02'),
	(83, 11, 1031357, 'E', '2023-11-24 01:25:02', '2023-11-24 01:25:02'),
	(84, 11, 1031358, 'L', '2023-11-24 01:25:02', '2023-11-24 01:25:02'),
	(85, 11, 1031359, 'L', '2023-11-24 01:25:02', '2023-11-24 01:25:02'),
	(86, 11, 1031360, 'E', '2023-11-24 01:25:02', '2023-11-24 01:25:02'),
	(87, 11, 1031361, 'V', '2023-11-24 01:25:02', '2023-11-24 01:25:02'),
	(88, 10, 1031362, 'E', '2023-11-24 01:25:02', '2023-11-24 01:25:02'),
	(89, 10, 1031363, 'L', '2023-11-24 01:25:02', '2023-11-24 01:25:02'),
	(90, 10, 1031364, 'L', '2023-11-24 01:25:02', '2023-11-24 01:25:02'),
	(91, 10, 1031365, 'V', '2023-11-24 01:25:02', '2023-11-24 01:25:02'),
	(92, 10, 1031366, 'E', '2023-11-24 01:25:02', '2023-11-24 01:25:02'),
	(93, 10, 1031367, 'V', '2023-11-24 01:25:02', '2023-11-24 01:25:02'),
	(94, 10, 1031368, 'L', '2023-11-24 01:25:02', '2023-11-24 01:25:02'),
	(95, 10, 1031369, 'L', '2023-11-24 01:25:02', '2023-11-24 01:25:02'),
	(96, 12, 1031370, 'V', '2023-11-24 01:25:02', '2023-11-24 01:25:02'),
	(97, 12, 1031371, 'L', '2023-11-24 01:25:02', '2023-11-24 01:25:02'),
	(98, 12, 1031372, 'E', '2023-11-24 01:25:02', '2023-11-24 01:25:02'),
	(99, 12, 1031373, 'L', '2023-11-24 01:25:02', '2023-11-24 01:25:02'),
	(100, 12, 1031374, 'V', '2023-11-24 01:25:02', '2023-11-24 01:25:02'),
	(101, 12, 1031375, 'L', '2023-11-24 01:25:02', '2023-11-24 01:25:02'),
	(102, 12, 1031376, 'V', '2023-11-24 01:25:02', '2023-11-24 01:25:02'),
	(103, 12, 1031377, 'V', '2023-11-24 01:25:02', '2023-11-24 01:25:02'),
	(104, 12, 1031378, 'L', '2023-11-24 01:25:02', '2023-11-24 01:25:02'),
	(105, 13, 1031379, 'V', '2023-11-24 01:25:02', '2023-11-24 01:25:02'),
	(106, 13, 1031380, 'V', '2023-11-24 01:25:02', '2023-11-24 01:25:02'),
	(107, 13, 1031381, 'L', '2023-11-24 01:25:02', '2023-11-24 01:25:02'),
	(108, 13, 1031382, 'L', '2023-11-24 01:25:02', '2023-11-24 01:25:02'),
	(109, 13, 1031383, 'L', '2023-11-24 01:25:02', '2023-11-24 01:25:02'),
	(110, 13, 1031384, 'V', '2023-11-24 01:25:02', '2023-11-24 01:25:02'),
	(111, 13, 1031385, 'L', '2023-11-24 01:25:02', '2023-11-24 01:25:02'),
	(112, 13, 1031386, 'L', '2023-11-24 01:25:02', '2023-11-24 01:25:02'),
	(113, 14, 1031387, 'L', '2023-11-24 01:25:02', '2023-11-24 01:25:02'),
	(114, 14, 1031388, 'L', '2023-11-24 01:25:02', '2023-11-24 01:25:02'),
	(115, 14, 1031389, 'L', '2023-11-24 01:25:02', '2023-11-24 01:25:02'),
	(116, 14, 1031390, 'E', '2023-11-24 01:25:02', '2023-11-24 01:25:02'),
	(117, 14, 1031391, 'V', '2023-11-24 01:25:02', '2023-11-24 01:25:02'),
	(118, 14, 1031392, 'V', '2023-11-24 01:25:02', '2023-11-24 01:25:02'),
	(119, 14, 1031393, 'L', '2023-11-24 01:25:02', '2023-11-24 01:25:02'),
	(120, 14, 1031394, 'L', '2023-11-24 01:25:02', '2023-11-24 01:25:02'),
	(121, 14, 1031395, 'L', '2023-11-24 01:25:02', '2023-11-24 01:25:02'),
	(122, 15, 1031396, 'V', '2023-11-24 01:25:02', '2023-11-24 01:25:02'),
	(123, 15, 1031397, 'E', '2023-11-24 01:25:02', '2023-11-24 01:25:02'),
	(124, 15, 1031398, 'L', '2023-11-24 01:25:02', '2023-11-24 01:25:02'),
	(125, 15, 1031399, 'V', '2023-11-24 01:25:02', '2023-11-24 01:25:02'),
	(126, 15, 1031400, 'L', '2023-11-24 01:25:02', '2023-11-24 01:25:02'),
	(127, 15, 1031401, 'L', '2023-11-24 01:25:02', '2023-11-24 01:25:02'),
	(128, 15, 1031402, 'V', '2023-11-24 01:25:02', '2023-11-24 01:25:02'),
	(129, 15, 1031403, 'L', '2023-11-24 01:25:02', '2023-11-24 01:25:02'),
	(130, 16, 1031404, 'L', '2023-11-24 01:25:02', '2023-11-24 01:25:02'),
	(131, 16, 1031405, 'E', '2023-11-24 01:25:02', '2023-11-24 01:25:02'),
	(132, 16, 1031406, 'L', '2023-11-24 01:25:02', '2023-11-24 01:25:02'),
	(133, 16, 1031407, 'L', '2023-11-24 01:25:02', '2023-11-24 01:25:02'),
	(134, 16, 1031408, 'V', '2023-11-24 01:25:02', '2023-11-24 01:25:02'),
	(135, 16, 1031409, 'L', '2023-11-24 01:25:02', '2023-11-24 01:25:02'),
	(136, 16, 1031410, 'L', '2023-11-24 01:25:02', '2023-11-24 01:25:02'),
	(137, 16, 1031411, 'L', '2023-11-24 01:25:02', '2023-11-24 01:25:02'),
	(138, 16, 1031412, 'V', '2023-11-24 01:25:02', '2023-11-24 01:25:02'),
	(139, 17, 1031413, 'E', '2023-11-24 01:25:02', '2023-11-24 01:25:02'),
	(140, 17, 1031414, 'L', '2023-11-24 01:25:02', '2023-11-24 01:25:02'),
	(141, 17, 1031415, 'V', '2023-11-24 01:25:02', '2023-11-24 01:25:02'),
	(142, 17, 1031416, 'E', '2023-11-24 01:25:02', '2023-11-24 01:25:02'),
	(143, 17, 1031417, 'V', '2023-11-24 01:25:02', '2023-11-24 01:25:02'),
	(144, 17, 1031418, 'L', '2023-11-24 01:25:02', '2023-11-24 01:25:02'),
	(145, 17, 1031419, 'E', '2023-11-24 01:25:02', '2023-11-24 01:25:02'),
	(146, 17, 1031420, 'V', '2023-11-24 01:25:02', '2023-11-24 01:25:02'),
	(147, 17, 1031421, 'L', '2023-11-24 01:25:02', '2023-11-24 01:25:02'),
	(148, 5, 1031424, 'L', '2023-11-24 01:25:02', '2023-11-24 01:25:02'),
	(149, 6, 1031425, 'L', '2023-11-24 01:25:02', '2023-11-24 01:25:02'),
	(150, 9, 1031426, 'E', '2023-11-24 01:25:02', '2023-11-24 01:25:02'),
	(151, 10, 1031427, 'E', '2023-11-24 01:25:02', '2023-11-24 01:25:02'),
	(152, 13, 1031428, 'V', '2023-11-24 01:25:02', '2023-11-24 01:25:02'),
	(153, 15, 1031429, 'V', '2023-11-24 01:25:02', '2023-11-24 01:25:02'),
	(154, 19, 1142042, 'L', '2023-11-24 01:25:02', '2024-01-03 00:50:41'),
	(155, 19, 1142043, 'L', '2023-11-24 01:25:02', '2024-01-03 00:50:41'),
	(156, 19, 1142057, 'E', '2023-11-24 01:25:02', '2024-01-03 00:50:41'),
	(157, 19, 1142058, 'L', '2023-11-24 01:25:02', '2024-01-03 00:50:41'),
	(158, 18, 1142059, 'L', '2023-11-24 01:25:02', '2023-11-24 18:26:25'),
	(159, 18, 1142060, 'L', '2023-11-24 01:25:02', '2023-11-24 18:26:25'),
	(160, 19, 1144265, 'E', '2023-11-29 00:58:41', '2024-01-03 00:50:41'),
	(161, 19, 1144266, 'L', '2023-11-29 00:58:41', '2024-01-03 00:50:41'),
	(162, 19, 1144267, 'E', '2023-11-29 00:58:41', '2024-01-03 00:50:41'),
	(163, 20, 1144268, 'L', '2023-11-29 00:58:41', '2023-11-29 00:58:41'),
	(164, 19, 1144390, 'L', '2023-11-29 00:58:41', '2024-01-03 00:50:41'),
	(165, 21, 1145600, 'V', '2024-01-03 00:50:41', '2024-01-03 00:50:41'),
	(166, 21, 1145601, 'V', '2024-01-03 00:50:41', '2024-01-03 00:50:41'),
	(167, 21, 1145602, 'V', '2024-01-03 00:50:41', '2024-01-03 00:50:41'),
	(168, 21, 1145603, 'E', '2024-01-03 00:50:41', '2024-01-03 00:50:41'),
	(169, 22, 1147013, 'E', '2024-01-03 00:50:41', '2024-01-03 00:50:41'),
	(170, 22, 1147014, NULL, '2024-01-03 00:50:41', '2024-01-03 00:50:41'),
	(171, 23, 1150211, 'E', '2024-01-03 00:50:41', '2024-01-15 18:26:35'),
	(172, 23, 1150212, 'V', '2024-01-03 00:50:41', '2024-01-15 18:26:35'),
	(173, 23, 1150213, 'V', '2024-01-03 00:50:41', '2024-01-15 18:26:35'),
	(174, 23, 1150214, 'E', '2024-01-03 00:50:41', '2024-01-15 18:26:35'),
	(175, 23, 1150215, 'L', '2024-01-03 00:50:41', '2024-01-15 18:26:35'),
	(176, 23, 1150216, 'V', '2024-01-03 00:50:41', '2024-01-15 18:26:35'),
	(177, 23, 1150217, 'L', '2024-01-03 00:50:41', '2024-01-15 18:26:35'),
	(178, 23, 1150218, 'L', '2024-01-03 00:50:41', '2024-01-15 18:26:35'),
	(179, 23, 1150219, 'V', '2024-01-03 00:50:41', '2024-02-11 01:13:38'),
	(180, 24, 1150220, 'V', '2024-01-03 00:50:41', '2024-02-11 01:13:38'),
	(181, 24, 1150221, 'L', '2024-01-03 00:50:41', '2024-02-11 01:13:38'),
	(182, 24, 1150222, 'E', '2024-01-03 00:50:41', '2024-02-11 01:13:38'),
	(183, 24, 1150223, 'L', '2024-01-03 00:50:41', '2024-02-11 01:13:38'),
	(184, 24, 1150224, 'L', '2024-01-03 00:50:41', '2024-02-11 01:13:38'),
	(185, 24, 1150225, 'E', '2024-01-03 00:50:41', '2024-02-11 01:13:38'),
	(186, 24, 1150226, 'L', '2024-01-03 00:50:41', '2024-02-11 01:13:38'),
	(187, 24, 1150227, 'L', '2024-01-03 00:50:41', '2024-02-11 01:13:38'),
	(188, 24, 1150228, 'V', '2024-01-03 00:50:41', '2024-02-11 01:13:38'),
	(189, 26, 1150229, 'E', '2024-01-03 00:50:41', '2024-02-11 01:13:38'),
	(190, 26, 1150230, 'E', '2024-01-03 00:50:41', '2024-02-11 01:13:38'),
	(191, 26, 1150231, 'L', '2024-01-03 00:50:41', '2024-02-11 01:13:38'),
	(192, 26, 1150232, 'L', '2024-01-03 00:50:41', '2024-02-11 01:13:38'),
	(193, 26, 1150233, 'L', '2024-01-03 00:50:41', '2024-02-11 01:13:38'),
	(194, 26, 1150234, 'E', '2024-01-03 00:50:41', '2024-02-11 01:13:38'),
	(195, 26, 1150235, 'L', '2024-01-03 00:50:41', '2024-02-11 01:13:38'),
	(196, 26, 1150236, 'L', '2024-01-03 00:50:41', '2024-02-11 01:13:38'),
	(197, 26, 1150237, 'E', '2024-01-03 00:50:41', '2024-02-11 01:13:38'),
	(198, 25, 1150238, 'V', '2024-01-03 00:50:41', '2024-02-11 01:13:38'),
	(199, 25, 1150239, 'E', '2024-01-03 00:50:41', '2024-02-11 01:13:38'),
	(200, 25, 1150240, 'V', '2024-01-03 00:50:41', '2024-02-11 01:13:38'),
	(201, 25, 1150241, 'L', '2024-01-03 00:50:41', '2024-02-11 01:13:38'),
	(202, 25, 1150242, 'E', '2024-01-03 00:50:41', '2024-02-11 01:13:38'),
	(203, 25, 1150243, 'L', '2024-01-03 00:50:41', '2024-02-11 01:13:38'),
	(204, 25, 1150244, 'L', '2024-01-03 00:50:41', '2024-02-11 01:13:38'),
	(205, 25, 1150245, 'L', '2024-01-03 00:50:41', '2024-02-11 01:13:38'),
	(206, 25, 1150246, 'E', '2024-01-03 00:50:41', '2024-02-11 01:13:38'),
	(207, 27, 1150247, 'V', '2024-01-03 00:50:41', '2024-02-11 01:13:38'),
	(208, 27, 1150248, 'L', '2024-01-03 00:50:41', '2024-02-11 01:13:38'),
	(209, 27, 1150249, 'L', '2024-01-03 00:50:41', '2024-02-11 01:13:38'),
	(210, 27, 1150250, 'E', '2024-01-03 00:50:41', '2024-02-11 01:13:38'),
	(211, 27, 1150251, 'L', '2024-01-03 00:50:41', '2024-02-11 01:13:38'),
	(212, 27, 1150252, 'E', '2024-01-03 00:50:41', '2024-02-11 01:13:38'),
	(213, 27, 1150253, 'E', '2024-01-03 00:50:41', '2024-02-11 01:13:38'),
	(214, 27, 1150254, 'L', '2024-01-03 00:50:41', '2024-02-11 01:13:38'),
	(215, 27, 1150255, 'V', '2024-01-03 00:50:41', '2024-02-11 01:13:38'),
	(216, 28, 1150256, 'L', '2024-01-03 00:50:41', '2024-02-11 01:13:38'),
	(217, 28, 1150257, 'E', '2024-01-03 00:50:41', '2024-02-11 01:13:38'),
	(218, 28, 1150258, 'E', '2024-01-03 00:50:41', '2024-02-11 01:13:38'),
	(219, 28, 1150259, 'L', '2024-01-03 00:50:41', '2024-02-11 01:13:38'),
	(220, 28, 1150260, NULL, '2024-01-03 00:50:41', '2024-01-03 00:50:41'),
	(221, 28, 1150261, NULL, '2024-01-03 00:50:41', '2024-01-03 00:50:41'),
	(222, 28, 1150262, NULL, '2024-01-03 00:50:41', '2024-01-03 00:50:41'),
	(223, 28, 1150263, NULL, '2024-01-03 00:50:41', '2024-01-03 00:50:41'),
	(224, 28, 1150264, NULL, '2024-01-03 00:50:41', '2024-01-03 00:50:41'),
	(225, 30, 1150265, NULL, '2024-01-03 00:50:41', '2024-01-03 00:50:41'),
	(226, 30, 1150266, NULL, '2024-01-03 00:50:41', '2024-01-03 00:50:41'),
	(227, 30, 1150267, NULL, '2024-01-03 00:50:41', '2024-01-03 00:50:41'),
	(228, 30, 1150268, NULL, '2024-01-03 00:50:41', '2024-01-03 00:50:41'),
	(229, 30, 1150269, NULL, '2024-01-03 00:50:41', '2024-01-03 00:50:41'),
	(230, 30, 1150270, NULL, '2024-01-03 00:50:41', '2024-01-03 00:50:41'),
	(231, 30, 1150271, NULL, '2024-01-03 00:50:41', '2024-01-03 00:50:41'),
	(232, 30, 1150272, NULL, '2024-01-03 00:50:41', '2024-01-03 00:50:41'),
	(233, 30, 1150273, NULL, '2024-01-03 00:50:41', '2024-01-03 00:50:41'),
	(234, 31, 1150274, NULL, '2024-01-03 00:50:41', '2024-01-03 00:50:41'),
	(235, 31, 1150275, NULL, '2024-01-03 00:50:41', '2024-01-03 00:50:41'),
	(236, 31, 1150276, NULL, '2024-01-03 00:50:41', '2024-01-03 00:50:41'),
	(237, 31, 1150277, NULL, '2024-01-03 00:50:41', '2024-01-03 00:50:41'),
	(238, 31, 1150278, NULL, '2024-01-03 00:50:41', '2024-01-03 00:50:41'),
	(239, 31, 1150279, NULL, '2024-01-03 00:50:41', '2024-01-03 00:50:41'),
	(240, 31, 1150280, NULL, '2024-01-03 00:50:41', '2024-01-03 00:50:41'),
	(241, 31, 1150281, NULL, '2024-01-03 00:50:41', '2024-01-03 00:50:41'),
	(242, 31, 1150282, NULL, '2024-01-03 00:50:41', '2024-01-03 00:50:41'),
	(243, 29, 1150283, NULL, '2024-01-03 00:50:41', '2024-01-03 00:50:41'),
	(244, 29, 1150284, NULL, '2024-01-03 00:50:41', '2024-01-03 00:50:41'),
	(245, 29, 1150285, NULL, '2024-01-03 00:50:41', '2024-01-03 00:50:41'),
	(246, 29, 1150286, NULL, '2024-01-03 00:50:41', '2024-01-03 00:50:41'),
	(247, 29, 1150287, NULL, '2024-01-03 00:50:41', '2024-01-03 00:50:41'),
	(248, 29, 1150288, NULL, '2024-01-03 00:50:41', '2024-01-03 00:50:41'),
	(249, 29, 1150289, NULL, '2024-01-03 00:50:41', '2024-01-03 00:50:41'),
	(250, 29, 1150290, NULL, '2024-01-03 00:50:41', '2024-01-03 00:50:41'),
	(251, 29, 1150291, NULL, '2024-01-03 00:50:41', '2024-01-03 00:50:41'),
	(252, 32, 1150292, NULL, '2024-01-03 00:50:41', '2024-01-03 00:50:41'),
	(253, 32, 1150293, NULL, '2024-01-03 00:50:41', '2024-01-03 00:50:41'),
	(254, 32, 1150294, NULL, '2024-01-03 00:50:41', '2024-01-03 00:50:41'),
	(255, 32, 1150295, NULL, '2024-01-03 00:50:41', '2024-01-03 00:50:41'),
	(256, 32, 1150296, NULL, '2024-01-03 00:50:41', '2024-01-03 00:50:41'),
	(257, 32, 1150297, NULL, '2024-01-03 00:50:41', '2024-01-03 00:50:41'),
	(258, 32, 1150298, NULL, '2024-01-03 00:50:41', '2024-01-03 00:50:41'),
	(259, 32, 1150299, NULL, '2024-01-03 00:50:41', '2024-01-03 00:50:41'),
	(260, 32, 1150300, NULL, '2024-01-03 00:50:41', '2024-01-03 00:50:41'),
	(261, 33, 1150301, NULL, '2024-01-03 00:50:41', '2024-01-03 00:50:41'),
	(262, 33, 1150302, NULL, '2024-01-03 00:50:41', '2024-01-03 00:50:41'),
	(263, 33, 1150303, NULL, '2024-01-03 00:50:41', '2024-01-03 00:50:41'),
	(264, 33, 1150304, NULL, '2024-01-03 00:50:41', '2024-01-03 00:50:41'),
	(265, 33, 1150305, NULL, '2024-01-03 00:50:41', '2024-01-03 00:50:41'),
	(266, 33, 1150306, NULL, '2024-01-03 00:50:41', '2024-01-03 00:50:41'),
	(267, 33, 1150307, NULL, '2024-01-03 00:50:41', '2024-01-03 00:50:41'),
	(268, 33, 1150308, NULL, '2024-01-03 00:50:41', '2024-01-03 00:50:41'),
	(269, 33, 1150309, NULL, '2024-01-03 00:50:41', '2024-01-03 00:50:41'),
	(270, 34, 1150310, NULL, '2024-01-03 00:50:41', '2024-01-03 00:50:41'),
	(271, 34, 1150311, NULL, '2024-01-03 00:50:41', '2024-01-03 00:50:41'),
	(272, 34, 1150312, NULL, '2024-01-03 00:50:41', '2024-01-03 00:50:41'),
	(273, 34, 1150313, NULL, '2024-01-03 00:50:41', '2024-01-03 00:50:41'),
	(274, 34, 1150314, NULL, '2024-01-03 00:50:41', '2024-01-03 00:50:41'),
	(275, 34, 1150315, NULL, '2024-01-03 00:50:41', '2024-01-03 00:50:41'),
	(276, 34, 1150316, NULL, '2024-01-03 00:50:41', '2024-01-03 00:50:41'),
	(277, 34, 1150317, NULL, '2024-01-03 00:50:42', '2024-01-03 00:50:42'),
	(278, 34, 1150318, NULL, '2024-01-03 00:50:42', '2024-01-03 00:50:42'),
	(279, 35, 1150319, NULL, '2024-01-03 00:50:42', '2024-01-03 00:50:42'),
	(280, 35, 1150320, NULL, '2024-01-03 00:50:42', '2024-01-03 00:50:42'),
	(281, 35, 1150321, NULL, '2024-01-03 00:50:42', '2024-01-03 00:50:42'),
	(282, 35, 1150322, NULL, '2024-01-03 00:50:42', '2024-01-03 00:50:42'),
	(283, 35, 1150323, NULL, '2024-01-03 00:50:42', '2024-01-03 00:50:42'),
	(284, 35, 1150324, NULL, '2024-01-03 00:50:42', '2024-01-03 00:50:42'),
	(285, 35, 1150325, NULL, '2024-01-03 00:50:42', '2024-01-03 00:50:42'),
	(286, 35, 1150326, NULL, '2024-01-03 00:50:42', '2024-01-03 00:50:42'),
	(287, 35, 1150327, NULL, '2024-01-03 00:50:42', '2024-01-03 00:50:42'),
	(288, 36, 1150328, NULL, '2024-01-03 00:50:42', '2024-01-03 00:50:42'),
	(289, 36, 1150329, NULL, '2024-01-03 00:50:42', '2024-01-03 00:50:42'),
	(290, 36, 1150330, NULL, '2024-01-03 00:50:42', '2024-01-03 00:50:42'),
	(291, 36, 1150331, NULL, '2024-01-03 00:50:42', '2024-01-03 00:50:42'),
	(292, 36, 1150332, NULL, '2024-01-03 00:50:42', '2024-01-03 00:50:42'),
	(293, 36, 1150333, NULL, '2024-01-03 00:50:42', '2024-01-03 00:50:42'),
	(294, 36, 1150334, NULL, '2024-01-03 00:50:42', '2024-01-03 00:50:42'),
	(295, 36, 1150335, NULL, '2024-01-03 00:50:42', '2024-01-03 00:50:42'),
	(296, 36, 1150336, NULL, '2024-01-03 00:50:42', '2024-01-03 00:50:42'),
	(297, 37, 1150337, NULL, '2024-01-03 00:50:42', '2024-01-03 00:50:42'),
	(298, 37, 1150338, NULL, '2024-01-03 00:50:42', '2024-01-03 00:50:42'),
	(299, 37, 1150339, NULL, '2024-01-03 00:50:42', '2024-01-03 00:50:42'),
	(300, 37, 1150340, NULL, '2024-01-03 00:50:42', '2024-01-03 00:50:42'),
	(301, 37, 1150341, NULL, '2024-01-03 00:50:42', '2024-01-03 00:50:42'),
	(302, 37, 1150342, NULL, '2024-01-03 00:50:42', '2024-01-03 00:50:42'),
	(303, 37, 1150343, NULL, '2024-01-03 00:50:42', '2024-01-03 00:50:42'),
	(304, 37, 1150344, NULL, '2024-01-03 00:50:42', '2024-01-03 00:50:42'),
	(305, 37, 1150345, NULL, '2024-01-03 00:50:42', '2024-01-03 00:50:42'),
	(306, 38, 1150346, NULL, '2024-01-03 00:50:42', '2024-01-03 00:50:42'),
	(307, 38, 1150347, NULL, '2024-01-03 00:50:42', '2024-01-03 00:50:42'),
	(308, 38, 1150348, NULL, '2024-01-03 00:50:42', '2024-01-03 00:50:42'),
	(309, 38, 1150349, NULL, '2024-01-03 00:50:42', '2024-01-03 00:50:42'),
	(310, 38, 1150350, NULL, '2024-01-03 00:50:42', '2024-01-03 00:50:42'),
	(311, 38, 1150351, NULL, '2024-01-03 00:50:42', '2024-01-03 00:50:42'),
	(312, 38, 1150352, NULL, '2024-01-03 00:50:42', '2024-01-03 00:50:42'),
	(313, 38, 1150353, NULL, '2024-01-03 00:50:42', '2024-01-03 00:50:42'),
	(314, 38, 1150354, NULL, '2024-01-03 00:50:42', '2024-01-03 00:50:42'),
	(315, 39, 1150355, NULL, '2024-01-03 00:50:42', '2024-01-03 00:50:42'),
	(316, 39, 1150356, NULL, '2024-01-03 00:50:42', '2024-01-03 00:50:42'),
	(317, 39, 1150357, NULL, '2024-01-03 00:50:42', '2024-01-03 00:50:42'),
	(318, 39, 1150358, NULL, '2024-01-03 00:50:42', '2024-01-03 00:50:42'),
	(319, 39, 1150359, NULL, '2024-01-03 00:50:42', '2024-01-03 00:50:42'),
	(320, 39, 1150360, NULL, '2024-01-03 00:50:42', '2024-01-03 00:50:42'),
	(321, 39, 1150361, NULL, '2024-01-03 00:50:42', '2024-01-03 00:50:42'),
	(322, 39, 1150362, NULL, '2024-01-03 00:50:42', '2024-01-03 00:50:42'),
	(323, 39, 1150363, NULL, '2024-01-03 00:50:42', '2024-01-03 00:50:42');

-- Volcando estructura para tabla juguemos_la_reta.migrations
CREATE TABLE IF NOT EXISTS `migrations` (
  `id` int(10) unsigned NOT NULL AUTO_INCREMENT,
  `migration` varchar(255) NOT NULL,
  `batch` int(11) NOT NULL,
  PRIMARY KEY (`id`)
) ENGINE=InnoDB AUTO_INCREMENT=19 DEFAULT CHARSET=utf8mb4 COLLATE=utf8mb4_unicode_ci;

-- Volcando datos para la tabla juguemos_la_reta.migrations: ~18 rows (aproximadamente)
INSERT INTO `migrations` (`id`, `migration`, `batch`) VALUES
	(1, '2014_10_12_000000_create_users_table', 1),
	(2, '2014_10_12_100000_create_password_resets_table', 1),
	(3, '2019_08_19_000000_create_failed_jobs_table', 1),
	(4, '2022_12_12_232152_create_countries_table', 1),
	(5, '2022_12_12_232226_create_national_teams_table', 1),
	(6, '2022_12_12_232235_create_leagues_table', 1),
	(7, '2022_12_12_232236_create_seasons_table', 1),
	(8, '2022_12_12_232237_create_broadcasters_table', 1),
	(9, '2022_12_12_232238_create_tournaments_table', 1),
	(10, '2022_12_12_232240_create_teams_table', 1),
	(11, '2022_12_12_232241_create_rounds_table', 1),
	(12, '2022_12_12_232242_create_games_table', 1),
	(13, '2022_12_12_232305_create_matchdays_table', 1),
	(14, '2022_12_12_232317_create_matches_table', 1),
	(15, '2022_12_12_232318_create_distribuitors_table', 1),
	(16, '2022_12_12_232621_create_user_matchdays_table', 1),
	(17, '2022_12_12_232631_create_user_matches_table', 1),
	(18, '2023_05_03_231814_create_jobs_table', 1);

-- Volcando estructura para tabla juguemos_la_reta.national_teams
CREATE TABLE IF NOT EXISTS `national_teams` (
  `id` bigint(20) unsigned NOT NULL,
  `code` varchar(5) NOT NULL,
  `name` varchar(100) NOT NULL,
  `logo` varchar(300) NOT NULL,
  `city` varchar(100) DEFAULT NULL,
  `stadium` varchar(100) DEFAULT NULL,
  `stadium_address` varchar(250) DEFAULT NULL,
  `stadium_image` varchar(300) DEFAULT NULL,
  `stadium_capacity` bigint(20) DEFAULT NULL,
  `active` smallint(6) NOT NULL,
  `created_at` timestamp NULL DEFAULT NULL,
  `updated_at` timestamp NULL DEFAULT NULL
) ENGINE=InnoDB DEFAULT CHARSET=utf8mb4 COLLATE=utf8mb4_unicode_ci;

-- Volcando datos para la tabla juguemos_la_reta.national_teams: ~0 rows (aproximadamente)

-- Volcando estructura para tabla juguemos_la_reta.password_resets
CREATE TABLE IF NOT EXISTS `password_resets` (
  `email` varchar(255) NOT NULL,
  `token` varchar(255) NOT NULL,
  `created_at` timestamp NULL DEFAULT NULL,
  KEY `password_resets_email_index` (`email`)
) ENGINE=InnoDB DEFAULT CHARSET=utf8mb4 COLLATE=utf8mb4_unicode_ci;

-- Volcando datos para la tabla juguemos_la_reta.password_resets: ~0 rows (aproximadamente)

-- Volcando estructura para tabla juguemos_la_reta.rounds
CREATE TABLE IF NOT EXISTS `rounds` (
  `id` bigint(20) unsigned NOT NULL AUTO_INCREMENT,
  `name` varchar(150) NOT NULL,
  `current` smallint(6) DEFAULT NULL,
  `league_id` bigint(20) unsigned NOT NULL,
  `created_at` timestamp NULL DEFAULT NULL,
  `updated_at` timestamp NULL DEFAULT NULL,
  PRIMARY KEY (`id`)
) ENGINE=InnoDB AUTO_INCREMENT=40 DEFAULT CHARSET=utf8mb4 COLLATE=utf8mb4_unicode_ci;

-- Volcando datos para la tabla juguemos_la_reta.rounds: ~39 rows (aproximadamente)
INSERT INTO `rounds` (`id`, `name`, `current`, `league_id`, `created_at`, `updated_at`) VALUES
	(1, 'Apertura - 1', 0, 262, '2023-11-24 01:02:08', '2023-11-24 01:02:08'),
	(2, 'Apertura - 2', 0, 262, '2023-11-24 01:02:08', '2023-11-24 01:02:08'),
	(3, 'Apertura - 3', 0, 262, '2023-11-24 01:02:08', '2023-11-24 01:02:08'),
	(4, 'Apertura - 4', 0, 262, '2023-11-24 01:02:08', '2023-11-24 01:02:08'),
	(5, 'Apertura - 5', 0, 262, '2023-11-24 01:02:08', '2023-11-24 01:02:08'),
	(6, 'Apertura - 6', 0, 262, '2023-11-24 01:02:08', '2023-11-24 01:02:08'),
	(7, 'Apertura - 7', 0, 262, '2023-11-24 01:02:08', '2023-11-24 01:02:08'),
	(8, 'Apertura - 8', 0, 262, '2023-11-24 01:02:08', '2023-11-24 01:02:08'),
	(9, 'Apertura - 9', 0, 262, '2023-11-24 01:02:08', '2023-11-24 01:02:08'),
	(10, 'Apertura - 11', 0, 262, '2023-11-24 01:02:08', '2023-11-24 01:02:08'),
	(11, 'Apertura - 10', 0, 262, '2023-11-24 01:02:08', '2023-11-24 01:02:08'),
	(12, 'Apertura - 12', 0, 262, '2023-11-24 01:02:08', '2023-11-24 01:02:08'),
	(13, 'Apertura - 13', 0, 262, '2023-11-24 01:02:08', '2023-11-24 01:02:08'),
	(14, 'Apertura - 14', 0, 262, '2023-11-24 01:02:08', '2023-11-24 01:02:08'),
	(15, 'Apertura - 15', 0, 262, '2023-11-24 01:02:08', '2023-11-24 01:02:08'),
	(16, 'Apertura - 16', 0, 262, '2023-11-24 01:02:08', '2023-11-24 01:02:08'),
	(17, 'Apertura - 17', 0, 262, '2023-11-24 01:02:08', '2024-01-03 00:50:34'),
	(18, 'Apertura - Reclasificación', 0, 262, '2023-11-24 01:02:08', '2023-11-29 00:58:38'),
	(19, 'Apertura - Quarter-finals', 0, 262, '2023-11-24 01:02:08', '2024-01-03 00:50:34'),
	(20, 'Apertura - Play-offs', 0, 262, '2023-11-29 00:58:38', '2023-11-29 00:58:38'),
	(21, 'Apertura - Semi-finals', 0, 262, '2024-01-03 00:50:34', '2024-01-03 00:50:34'),
	(22, 'Apertura - Final', 0, 262, '2024-01-03 00:50:34', '2024-01-03 00:50:34'),
	(23, 'Clausura - 1', 0, 262, '2024-01-03 00:50:34', '2024-02-11 01:13:34'),
	(24, 'Clausura - 2', 0, 262, '2024-01-03 00:50:34', '2024-01-03 00:50:34'),
	(25, 'Clausura - 4', 0, 262, '2024-01-03 00:50:34', '2024-01-03 00:50:34'),
	(26, 'Clausura - 3', 0, 262, '2024-01-03 00:50:34', '2024-01-03 00:50:34'),
	(27, 'Clausura - 5', 0, 262, '2024-01-03 00:50:34', '2024-01-03 00:50:34'),
	(28, 'Clausura - 6', 1, 262, '2024-01-03 00:50:34', '2024-02-11 01:13:34'),
	(29, 'Clausura - 9', 0, 262, '2024-01-03 00:50:34', '2024-01-03 00:50:34'),
	(30, 'Clausura - 7', 0, 262, '2024-01-03 00:50:34', '2024-01-03 00:50:34'),
	(31, 'Clausura - 8', 0, 262, '2024-01-03 00:50:34', '2024-01-03 00:50:34'),
	(32, 'Clausura - 10', 0, 262, '2024-01-03 00:50:34', '2024-01-03 00:50:34'),
	(33, 'Clausura - 11', 0, 262, '2024-01-03 00:50:34', '2024-01-03 00:50:34'),
	(34, 'Clausura - 12', 0, 262, '2024-01-03 00:50:34', '2024-01-03 00:50:34'),
	(35, 'Clausura - 13', 0, 262, '2024-01-03 00:50:34', '2024-01-03 00:50:34'),
	(36, 'Clausura - 14', 0, 262, '2024-01-03 00:50:34', '2024-01-03 00:50:34'),
	(37, 'Clausura - 15', 0, 262, '2024-01-03 00:50:34', '2024-01-03 00:50:34'),
	(38, 'Clausura - 16', 0, 262, '2024-01-03 00:50:34', '2024-01-03 00:50:34'),
	(39, 'Clausura - 17', 0, 262, '2024-01-03 00:50:34', '2024-01-03 00:50:34');

-- Volcando estructura para tabla juguemos_la_reta.seasons
CREATE TABLE IF NOT EXISTS `seasons` (
  `id` bigint(20) unsigned NOT NULL AUTO_INCREMENT,
  `year` varchar(4) NOT NULL,
  `current` smallint(6) NOT NULL,
  `start` date NOT NULL,
  `end` date NOT NULL,
  `league_id` bigint(20) unsigned NOT NULL,
  `created_at` timestamp NULL DEFAULT NULL,
  `updated_at` timestamp NULL DEFAULT NULL,
  PRIMARY KEY (`id`)
) ENGINE=InnoDB AUTO_INCREMENT=9 DEFAULT CHARSET=utf8mb4 COLLATE=utf8mb4_unicode_ci;

-- Volcando datos para la tabla juguemos_la_reta.seasons: ~8 rows (aproximadamente)
INSERT INTO `seasons` (`id`, `year`, `current`, `start`, `end`, `league_id`, `created_at`, `updated_at`) VALUES
	(1, '2016', 0, '2016-07-16', '2017-05-28', 262, '2023-11-24 01:02:05', '2023-11-24 01:02:05'),
	(2, '2017', 0, '2017-07-22', '2018-05-21', 262, '2023-11-24 01:02:05', '2023-11-24 01:02:05'),
	(3, '2018', 0, '2018-07-21', '2019-05-27', 262, '2023-11-24 01:02:05', '2023-11-24 01:02:05'),
	(4, '2019', 0, '2019-07-20', '2020-05-11', 262, '2023-11-24 01:02:05', '2023-11-24 01:02:05'),
	(5, '2020', 0, '2020-07-25', '2021-05-31', 262, '2023-11-24 01:02:05', '2023-11-24 01:02:05'),
	(6, '2021', 0, '2021-07-23', '2022-05-30', 262, '2023-11-24 01:02:05', '2023-11-24 01:02:05'),
	(7, '2022', 0, '2022-07-02', '2023-05-28', 262, '2023-11-24 01:02:05', '2023-11-24 01:02:05'),
	(8, '2023', 1, '2023-07-01', '2023-12-02', 262, '2023-11-24 01:02:05', '2023-11-24 01:02:05');

-- Volcando estructura para tabla juguemos_la_reta.teams
CREATE TABLE IF NOT EXISTS `teams` (
  `id` bigint(20) unsigned NOT NULL,
  `code` varchar(5) DEFAULT NULL,
  `name` varchar(100) NOT NULL,
  `nickname` varchar(100) DEFAULT NULL,
  `logo` varchar(300) NOT NULL,
  `city` varchar(100) NOT NULL,
  `stadium` varchar(100) NOT NULL,
  `stadium_address` varchar(250) NOT NULL,
  `stadium_image` varchar(300) NOT NULL,
  `stadium_capacity` bigint(20) NOT NULL,
  `active` smallint(6) NOT NULL,
  `league_id` bigint(20) unsigned NOT NULL,
  `broadcaster_id` bigint(20) unsigned NOT NULL,
  `created_at` timestamp NULL DEFAULT NULL,
  `updated_at` timestamp NULL DEFAULT NULL,
  KEY `teams_broadcaster_id_foreign` (`broadcaster_id`),
  CONSTRAINT `teams_broadcaster_id_foreign` FOREIGN KEY (`broadcaster_id`) REFERENCES `broadcasters` (`id`)
) ENGINE=InnoDB DEFAULT CHARSET=utf8mb4 COLLATE=utf8mb4_unicode_ci;

-- Volcando datos para la tabla juguemos_la_reta.teams: ~18 rows (aproximadamente)
INSERT INTO `teams` (`id`, `code`, `name`, `nickname`, `logo`, `city`, `stadium`, `stadium_address`, `stadium_image`, `stadium_capacity`, `active`, `league_id`, `broadcaster_id`, `created_at`, `updated_at`) VALUES
	(2278, 'GUA', 'Guadalajara Chivas', 'Chivas', 'https://media-4.api-sports.io/football/teams/2278.png', 'Zapopan', 'Estadio AKRON', 'Avenida Circuito JVC Número 2800, Centro JVC', 'https://media-4.api-sports.io/football/venues/1076.png', 46609, 1, 262, 1, '2023-11-24 01:02:06', '2023-11-24 01:02:06'),
	(2279, 'UAN', 'Tigres UANL', 'Tigres', 'https://media-4.api-sports.io/football/teams/2279.png', 'San Nicolás de los Garza', 'Estadio Universitario de Nuevo León', 'Calle del Doctor Pedro de Alba, Colonia Ciudad Universitaria', 'https://media-4.api-sports.io/football/venues/1087.png', 42000, 1, 262, 5, '2023-11-24 01:02:06', '2023-11-24 01:02:06'),
	(2280, 'CLU', 'Club Tijuana', 'Tijuana', 'https://media-4.api-sports.io/football/teams/2280.png', 'Tijuana', 'Estadio Caliente', 'Boulevard Agua Caliente 12027, Colonia Hipódromo', 'https://media-4.api-sports.io/football/venues/1088.png', 33333, 1, 262, 2, '2023-11-24 01:02:06', '2023-11-24 01:02:06'),
	(2281, 'TOL', 'Toluca', 'Toluca', 'https://media-4.api-sports.io/football/teams/2281.png', 'Toluca de Lerdo', 'Estadio Nemesio Díez', 'Felipe Villanueva No. 300, Barrio de San Bernardino', 'https://media-4.api-sports.io/football/venues/1089.png', 30000, 1, 262, 1, '2023-11-24 01:02:06', '2023-11-24 01:02:06'),
	(2282, 'MON', 'Monterrey', 'Monterrey', 'https://media-4.api-sports.io/football/teams/2282.png', 'Guadalupe', 'Estadio BBVA', 'Avenida Pablo Livas 2011, Colonia La Pastora', 'https://media-4.api-sports.io/football/venues/11905.png', 53500, 1, 262, 3, '2023-11-24 01:02:06', '2023-11-24 01:02:06'),
	(2283, 'ATL', 'Atlas', 'Atlas', 'https://media-4.api-sports.io/football/teams/2283.png', 'Guadalajara', 'Estadio Jalisco', 'Calle 7 Colinas No. 1772, Colonia Independencia', 'https://media-4.api-sports.io/football/venues/1071.png', 56713, 1, 262, 2, '2023-11-24 01:02:06', '2023-11-24 01:02:06'),
	(2285, 'SAN', 'Santos Laguna', 'Santos', 'https://media-4.api-sports.io/football/teams/2285.png', 'Torreón', 'Estadio Nuevo Corona', 'Territorio Santos Modelo', 'https://media-4.api-sports.io/football/venues/1085.png', 28914, 1, 262, 6, '2023-11-24 01:02:06', '2023-11-24 01:02:06'),
	(2286, 'UNA', 'U.N.A.M. - Pumas', 'Pumas', 'https://media-4.api-sports.io/football/teams/2286.png', 'D.F.', 'Estadio Olímpico de Universitario', 'Calle Escobar, Colonia Ciudad Universitaria, Coyoacán', 'https://media-4.api-sports.io/football/venues/1083.png', 72449, 1, 262, 1, '2023-11-24 01:02:06', '2023-11-24 01:02:06'),
	(2287, 'CLU', 'Club America', 'America', 'https://media-4.api-sports.io/football/teams/2287.png', 'D.F.', 'Estadio Azteca', 'Calzada de Tlalpan 3665, Coyoacán', 'https://media-4.api-sports.io/football/venues/1069.png', 106187, 1, 262, 1, '2023-11-24 01:02:06', '2023-11-24 01:02:06'),
	(2288, 'NEC', 'Necaxa', 'Necaxa', 'https://media-4.api-sports.io/football/teams/2288.png', 'Aguascalientes', 'Estadio Victoria de Aguascalientes', 'Avenida Manuel Madrigal 101, Colonia Héroes', 'https://media-4.api-sports.io/football/venues/1080.png', 25500, 1, 262, 2, '2023-11-24 01:02:06', '2023-11-24 01:02:06'),
	(2289, 'CLU', 'Leon', 'Leon', 'https://media-4.api-sports.io/football/teams/2289.png', 'León de los Aldamas', 'Estadio León (Nou Camp)', 'Boulevard Adolfo López Mateos 1810, Colonia La Martinica', 'https://media-4.api-sports.io/football/venues/1077.png', 33943, 1, 262, 3, '2023-11-24 01:02:06', '2023-11-24 01:02:06'),
	(2290, 'QUE', 'Club Queretaro', 'Queretaro', 'https://media-4.api-sports.io/football/teams/2290.png', 'Santiago de Querétaro', 'Estadio La Corregidora', 'Avenida Luis Vega Monroy 409-4', 'https://media-4.api-sports.io/football/venues/1084.png', 34130, 1, 262, 3, '2023-11-24 01:02:06', '2023-11-24 01:02:06'),
	(2291, 'PUE', 'Puebla', 'Puebla', 'https://media-4.api-sports.io/football/teams/2291.png', 'Puebla', 'Estadio Cuauhtémoc', 'Calle Calzada Ignacio Zaragoza, Colonia Unidad Deportiva Puebla', 'https://media-4.api-sports.io/football/venues/1082.png', 51726, 1, 262, 2, '2023-11-24 01:02:06', '2023-11-24 01:02:06'),
	(2292, 'PAC', 'Pachuca', 'Pachuca', 'https://media-4.api-sports.io/football/teams/2292.png', 'Pachuca de Soto', 'Estadio Hidalgo', 'Boulevard Felipe Angeles', 'https://media-4.api-sports.io/football/venues/1081.png', 30000, 1, 262, 3, '2023-11-24 01:02:06', '2023-11-24 01:02:06'),
	(2295, 'CRU', 'Cruz Azul', 'Cruz Azul', 'https://media-4.api-sports.io/football/teams/2295.png', 'D.F.', 'Estadio Azteca', 'Calzada de Tlalpan 3665, Coyoacán', 'https://media-4.api-sports.io/football/venues/1069.png', 106187, 1, 262, 1, '2023-11-24 01:02:06', '2023-11-24 01:02:06'),
	(2298, NULL, 'FC Juarez', 'Juarez', 'https://media-4.api-sports.io/football/teams/2298.png', 'Ciudad Juárez', 'Estadio Olímpico Benito Juárez', 'Avenida Heroico Colegio Militar', 'https://media-4.api-sports.io/football/venues/1845.png', 22300, 1, 262, 3, '2023-11-24 01:02:06', '2023-11-24 01:02:06'),
	(2314, 'ASL', 'Atletico San Luis', 'San Luis', 'https://media-4.api-sports.io/football/teams/2314.png', 'San Luis Potosí', 'Estadio Alfonso Lastras Ramírez', 'Avenida Malaquita 1030', 'https://media-4.api-sports.io/football/venues/1795.png', 26400, 1, 262, 4, '2023-11-24 01:02:06', '2023-11-24 01:02:06'),
	(14002, NULL, 'Mazatlán', 'Mazatlán', 'https://media-4.api-sports.io/football/teams/14002.png', 'Mazatlán', 'Estadio de Mazatlán', 'Av. Munich Fraccionamiento Pradera Dorada, Nuevo Cajeme', 'https://media-4.api-sports.io/football/venues/10546.png', 25000, 1, 262, 2, '2023-11-24 01:02:06', '2023-11-24 01:02:06');

-- Volcando estructura para tabla juguemos_la_reta.tournaments
CREATE TABLE IF NOT EXISTS `tournaments` (
  `id` bigint(20) unsigned NOT NULL AUTO_INCREMENT,
  `slug` varchar(250) NOT NULL,
  `name` varchar(100) NOT NULL,
  `logo` varchar(200) NOT NULL,
  `type` smallint(6) NOT NULL,
  `country_id` bigint(20) unsigned DEFAULT NULL,
  `season` varchar(10) NOT NULL,
  `created_at` timestamp NULL DEFAULT NULL,
  `updated_at` timestamp NULL DEFAULT NULL,
  PRIMARY KEY (`id`),
  KEY `tournaments_country_id_foreign` (`country_id`),
  CONSTRAINT `tournaments_country_id_foreign` FOREIGN KEY (`country_id`) REFERENCES `countries` (`id`)
) ENGINE=InnoDB DEFAULT CHARSET=utf8mb4 COLLATE=utf8mb4_unicode_ci;

-- Volcando datos para la tabla juguemos_la_reta.tournaments: ~0 rows (aproximadamente)

-- Volcando estructura para tabla juguemos_la_reta.users
CREATE TABLE IF NOT EXISTS `users` (
  `id` bigint(20) unsigned NOT NULL AUTO_INCREMENT,
  `name` varchar(255) NOT NULL,
  `email` varchar(255) NOT NULL,
  `whatsapp` varchar(10) NOT NULL,
  `password` varchar(255) NOT NULL,
  `facebook_id` varchar(255) DEFAULT NULL,
  `profile_photo` varchar(255) DEFAULT NULL,
  `type` varchar(1) DEFAULT 'G',
  `email_verified_at` timestamp NULL DEFAULT NULL,
  `remember_token` varchar(100) DEFAULT NULL,
  `created_at` timestamp NULL DEFAULT NULL,
  `updated_at` timestamp NULL DEFAULT NULL,
  PRIMARY KEY (`id`),
  UNIQUE KEY `users_email_unique` (`email`)
) ENGINE=InnoDB AUTO_INCREMENT=11 DEFAULT CHARSET=utf8mb4 COLLATE=utf8mb4_unicode_ci;

-- Volcando datos para la tabla juguemos_la_reta.users: ~5 rows (aproximadamente)
INSERT INTO `users` (`id`, `name`, `email`, `whatsapp`, `password`, `facebook_id`, `profile_photo`, `type`, `email_verified_at`, `remember_token`, `created_at`, `updated_at`) VALUES
	(1, 'Nestor Raul Ruiz', 'nrruizg@hotmail.com', '', '$2y$10$l2xck7OWdZpAEoNJgQ4UT.CvsgZkqLZO60e3OuHV3Rj1I7igdK/7e', NULL, NULL, 'G', NULL, NULL, '2023-11-24 01:36:32', '2023-11-24 01:36:32'),
	(2, 'Ruth Ruiz', 'rtruizg@hotmail.com', '', '$2y$10$1PHQxyDRdROuq27/95ktBeYbFi8Ak8a0V6E.F2iHFLko2CSBVzJ5i', NULL, NULL, 'G', NULL, NULL, '2023-11-24 01:50:07', '2023-11-24 01:50:07'),
	(4, 'Raul Ruiz', 'n.raulrg@gmail.com', '', '$2y$10$l2xck7OWdZpAEoNJgQ4UT.CvsgZkqLZO60e3OuHV3Rj1I7igdK/7e', NULL, NULL, 'S', NULL, NULL, '2023-11-24 01:36:32', '2023-11-24 01:36:32'),
	(7, 'Papeleria Andy', 'aguzmang90@gmail.com', '4451069899', '$2y$10$hRBAO4NM50NcmYfqF.6LDOd4dyY9jk9vl3D3r6fbiPDdIbpk2GjpG', NULL, NULL, 'D', NULL, NULL, '2023-11-24 01:36:32', '2024-01-13 20:10:01'),
	(8, 'Papelería Ruiz', 'miguel@gmail.com', '4451031415', '$2y$10$XRIM20k5DrpURKDu6y/cVewzYPSmxM8SvFGyf/a5WntBQH7cICD46', NULL, NULL, 'D', NULL, NULL, '2024-01-13 18:49:35', '2024-01-13 18:49:35');

-- Volcando estructura para tabla juguemos_la_reta.user_matchdays
CREATE TABLE IF NOT EXISTS `user_matchdays` (
  `id` bigint(20) unsigned NOT NULL AUTO_INCREMENT,
  `uuid` char(36) NOT NULL,
  `user_id` bigint(20) unsigned NOT NULL,
  `matchday_id` bigint(20) unsigned NOT NULL,
  `distribuitor_id` bigint(20) unsigned DEFAULT NULL,
  `paid` smallint(6) NOT NULL,
  `winner` smallint(6) NOT NULL,
  `created_at` timestamp NULL DEFAULT NULL,
  `updated_at` timestamp NULL DEFAULT NULL,
  PRIMARY KEY (`id`),
  KEY `user_matchdays_user_id_foreign` (`user_id`),
  KEY `user_matchdays_matchday_id_foreign` (`matchday_id`),
  KEY `user_matchdays_distribuitor_id_foreign` (`distribuitor_id`),
  CONSTRAINT `user_matchdays_distribuitor_id_foreign` FOREIGN KEY (`distribuitor_id`) REFERENCES `distribuitors` (`id`),
  CONSTRAINT `user_matchdays_matchday_id_foreign` FOREIGN KEY (`matchday_id`) REFERENCES `matchdays` (`id`),
  CONSTRAINT `user_matchdays_user_id_foreign` FOREIGN KEY (`user_id`) REFERENCES `users` (`id`)
) ENGINE=InnoDB AUTO_INCREMENT=16 DEFAULT CHARSET=utf8mb4 COLLATE=utf8mb4_unicode_ci;

-- Volcando datos para la tabla juguemos_la_reta.user_matchdays: ~14 rows (aproximadamente)
INSERT INTO `user_matchdays` (`id`, `uuid`, `user_id`, `matchday_id`, `distribuitor_id`, `paid`, `winner`, `created_at`, `updated_at`) VALUES
	(1, 'TBNVHES5N5', 1, 17, NULL, 1, 0, '2023-11-24 01:37:25', '2023-11-24 19:02:27'),
	(2, 'TN5GHE8R97', 1, 17, NULL, 1, 0, '2023-11-24 01:38:07', '2023-11-24 19:02:27'),
	(3, 'CFUIXAPBFJ', 1, 17, NULL, 1, 0, '2023-11-24 01:38:30', '2023-11-24 19:02:27'),
	(4, 'TZXWTNPJBL', 2, 17, NULL, 1, 0, '2023-11-24 01:50:40', '2023-11-24 19:02:27'),
	(5, 'O4SNCSXBKQ', 2, 17, NULL, 1, 0, '2023-11-24 01:51:03', '2023-11-24 19:02:27'),
	(6, 'OVAXV0KAG9', 2, 17, NULL, 1, 1, '2023-11-24 01:51:29', '2023-11-24 19:12:19'),
	(7, 'TTJARI6TZZ', 1, 18, NULL, 0, 0, '2023-11-25 20:05:51', '2023-11-25 20:05:51'),
	(8, 'KBOJEIAZRH', 4, 18, NULL, 0, 0, '2023-11-28 02:15:13', '2023-11-28 02:15:13'),
	(9, 'KD4X9R2PZT', 4, 19, NULL, 1, 0, '2023-11-29 02:11:31', '2023-12-23 01:19:42'),
	(10, 'XSSPJ7KTWL', 4, 19, NULL, 1, 0, '2023-11-29 02:11:50', '2023-12-23 01:19:43'),
	(11, 'NWJ4EXZ2UY', 2, 19, NULL, 1, 0, '2023-11-29 02:12:41', '2023-12-23 01:19:45'),
	(12, 'U3DWNRQNEM', 4, 19, NULL, 1, 0, '2023-12-21 20:11:40', '2023-12-23 01:19:46'),
	(13, 'H3VTIAIAUO', 1, 23, 1, 1, 0, '2024-01-10 23:12:16', '2024-01-11 02:00:03'),
	(14, '7B5G8NYT4S', 1, 23, NULL, 0, 0, '2024-01-10 23:12:36', '2024-01-11 02:00:18'),
	(15, 'LINBK4WNZS', 4, 30, NULL, 0, 0, '2024-02-11 01:20:12', '2024-02-11 01:20:12');

-- Volcando estructura para tabla juguemos_la_reta.user_matches
CREATE TABLE IF NOT EXISTS `user_matches` (
  `id` bigint(20) unsigned NOT NULL AUTO_INCREMENT,
  `uuid` char(36) NOT NULL,
  `user_matchday_id` bigint(20) unsigned NOT NULL,
  `match_id` bigint(20) unsigned NOT NULL,
  `prediction` varchar(1) NOT NULL,
  `success` varchar(1) NOT NULL,
  `created_at` timestamp NULL DEFAULT NULL,
  `updated_at` timestamp NULL DEFAULT NULL,
  PRIMARY KEY (`id`),
  KEY `user_matches_user_matchday_id_foreign` (`user_matchday_id`),
  KEY `user_matches_match_id_foreign` (`match_id`),
  CONSTRAINT `user_matches_match_id_foreign` FOREIGN KEY (`match_id`) REFERENCES `matches` (`id`),
  CONSTRAINT `user_matches_user_matchday_id_foreign` FOREIGN KEY (`user_matchday_id`) REFERENCES `user_matchdays` (`id`)
) ENGINE=InnoDB AUTO_INCREMENT=118 DEFAULT CHARSET=utf8mb4 COLLATE=utf8mb4_unicode_ci;

-- Volcando datos para la tabla juguemos_la_reta.user_matches: ~108 rows (aproximadamente)
INSERT INTO `user_matches` (`id`, `uuid`, `user_matchday_id`, `match_id`, `prediction`, `success`, `created_at`, `updated_at`) VALUES
	(1, '91e95de5-3d2e-480f-b90f-723646292cac', 1, 139, 'L', 'N', '2023-11-24 01:37:25', '2023-11-24 19:12:19'),
	(2, 'a3e9cd93-7346-4489-816b-fa08af7e599e', 1, 140, 'V', 'N', '2023-11-24 01:37:25', '2023-11-24 19:12:19'),
	(3, '7372fb44-ac1e-43e5-8a81-6e341bf71a5e', 1, 141, 'V', 'S', '2023-11-24 01:37:25', '2023-11-24 19:12:19'),
	(4, '4ee58819-eb11-4e30-b18d-7868af086d15', 1, 142, 'V', 'N', '2023-11-24 01:37:25', '2023-11-24 19:12:19'),
	(5, '94c38f16-6404-4712-ada9-48027c140b8e', 1, 143, 'E', 'N', '2023-11-24 01:37:25', '2023-11-24 19:12:19'),
	(6, 'faf6941f-1674-463e-9ad8-7f106984a1f3', 1, 144, 'E', 'N', '2023-11-24 01:37:25', '2023-11-24 19:12:19'),
	(7, 'bfb1083e-d3e1-4560-92ac-5bb88e61f4a8', 1, 145, 'V', 'N', '2023-11-24 01:37:25', '2023-11-24 19:12:19'),
	(8, '7442c1b8-a981-4f38-86b4-5c4c49cb8c68', 1, 146, 'L', 'N', '2023-11-24 01:37:25', '2023-11-24 19:12:19'),
	(9, 'fcdfcc04-39ce-4d4a-ab09-167a8ae15fb4', 1, 147, 'L', 'S', '2023-11-24 01:37:25', '2023-11-24 19:12:19'),
	(10, '1993d9dd-366b-48c5-af27-d7a2d5301e18', 2, 139, 'E', 'S', '2023-11-24 01:38:07', '2023-11-24 19:12:19'),
	(11, '8068521c-e827-4369-87d7-2af47ab26e24', 2, 140, 'V', 'N', '2023-11-24 01:38:07', '2023-11-24 19:12:19'),
	(12, '95a3b916-2b3e-47cf-8135-fc95c197a9f1', 2, 141, 'V', 'S', '2023-11-24 01:38:07', '2023-11-24 19:12:19'),
	(13, '4f954766-2108-4118-bfb7-f8ea658be817', 2, 142, 'V', 'N', '2023-11-24 01:38:07', '2023-11-24 19:12:19'),
	(14, '268e59a9-e051-46c8-9ed8-c408ed626267', 2, 143, 'V', 'S', '2023-11-24 01:38:07', '2023-11-24 19:12:19'),
	(15, 'a16aefb8-afc5-4fb4-a91a-3bd9f8eaff3b', 2, 144, 'L', 'S', '2023-11-24 01:38:07', '2023-11-24 19:12:19'),
	(16, '2e809203-0356-4e63-b45d-8f68cb19a7a8', 2, 145, 'V', 'N', '2023-11-24 01:38:07', '2023-11-24 19:12:19'),
	(17, 'e529b6f1-e9dc-4dc0-a937-04d83cf353b6', 2, 146, 'E', 'N', '2023-11-24 01:38:07', '2023-11-24 19:12:19'),
	(18, 'a95d70b5-ce5f-46db-a3c6-36f31885bb45', 2, 147, 'L', 'S', '2023-11-24 01:38:07', '2023-11-24 19:12:19'),
	(19, 'de1206f0-50b9-4222-8338-feaec9265c10', 3, 139, 'E', 'S', '2023-11-24 01:38:30', '2023-11-24 19:12:19'),
	(20, '27593295-6f12-4931-a589-8f2b39346657', 3, 140, 'E', 'N', '2023-11-24 01:38:30', '2023-11-24 19:12:19'),
	(21, '0cd9450e-58f2-4c8a-9f77-216e5f6afa7f', 3, 141, 'L', 'N', '2023-11-24 01:38:30', '2023-11-24 19:12:19'),
	(22, '30473b44-7e4a-4ff0-9b9a-b356106beb5b', 3, 142, 'E', 'S', '2023-11-24 01:38:30', '2023-11-24 19:12:19'),
	(23, 'b4c3cbe9-a76b-4a32-8028-9c815b485bf0', 3, 143, 'V', 'S', '2023-11-24 01:38:30', '2023-11-24 19:12:19'),
	(24, 'a57b2143-5189-4bd1-8ff7-62081282645a', 3, 144, 'E', 'N', '2023-11-24 01:38:30', '2023-11-24 19:12:19'),
	(25, 'd7a81342-c04b-4d39-b58c-7b71f1fccdc1', 3, 145, 'E', 'S', '2023-11-24 01:38:30', '2023-11-24 19:12:19'),
	(26, '792cd386-1ca6-47c5-b8ed-bd15f84de3c1', 3, 146, 'E', 'N', '2023-11-24 01:38:30', '2023-11-24 19:12:19'),
	(27, 'c687160c-9e21-4727-983a-76ca4ebe3a73', 3, 147, 'L', 'S', '2023-11-24 01:38:30', '2023-11-24 19:12:19'),
	(28, 'd63420d5-571d-47b8-b2d9-86fabc3a42f8', 4, 139, 'E', 'S', '2023-11-24 01:50:40', '2023-11-24 19:12:19'),
	(29, 'b83047d4-c866-4ec6-aa72-51774b83fae0', 4, 140, 'E', 'N', '2023-11-24 01:50:40', '2023-11-24 19:12:19'),
	(30, '3a76d824-466a-4a48-997d-e87d0c048937', 4, 141, 'L', 'N', '2023-11-24 01:50:40', '2023-11-24 19:12:19'),
	(31, '2e930c30-53a3-4e50-a53b-3629d81b5b75', 4, 142, 'E', 'S', '2023-11-24 01:50:40', '2023-11-24 19:12:19'),
	(32, '060c66ed-e4f5-4499-9b91-5f8d1184ee51', 4, 143, 'V', 'S', '2023-11-24 01:50:40', '2023-11-24 19:12:19'),
	(33, '42004ef4-531c-4ed7-881e-944358c826c9', 4, 144, 'E', 'N', '2023-11-24 01:50:40', '2023-11-24 19:12:19'),
	(34, 'de6e9521-fd79-4bc5-9bb8-a3d6ae6d59e4', 4, 145, 'L', 'N', '2023-11-24 01:50:40', '2023-11-24 19:12:19'),
	(35, '2caa0de9-215a-4673-a395-58c9b68afc14', 4, 146, 'L', 'N', '2023-11-24 01:50:40', '2023-11-24 19:12:19'),
	(36, '0ad2951c-6437-477c-baa3-8614047f668c', 4, 147, 'L', 'S', '2023-11-24 01:50:40', '2023-11-24 19:12:19'),
	(37, '4a8a42a7-6b63-498e-a32a-5d15629e4933', 5, 139, 'V', 'N', '2023-11-24 01:51:03', '2023-11-24 19:12:19'),
	(38, 'a7338bd0-4105-4958-8246-f1ba5d876367', 5, 140, 'V', 'N', '2023-11-24 01:51:03', '2023-11-24 19:12:19'),
	(39, 'b18b8c4e-f9f6-4985-87f2-6934ace9f466', 5, 141, 'V', 'S', '2023-11-24 01:51:03', '2023-11-24 19:12:19'),
	(40, '68ea0ec7-6494-4a35-9460-21eb15f49525', 5, 142, 'E', 'S', '2023-11-24 01:51:03', '2023-11-24 19:12:19'),
	(41, '0a6c635f-0a5f-4b3e-beb9-a1abc74894ac', 5, 143, 'V', 'S', '2023-11-24 01:51:03', '2023-11-24 19:12:19'),
	(42, '01c90e8d-5ee6-4f66-b1ef-bb057d671fb6', 5, 144, 'V', 'N', '2023-11-24 01:51:03', '2023-11-24 19:12:19'),
	(43, 'a30ba524-3c81-4e55-8e3a-75b6b73609b1', 5, 145, 'V', 'N', '2023-11-24 01:51:03', '2023-11-24 19:12:19'),
	(44, 'd3c2c9c6-49ae-4201-84a9-0e7ddbe2f3ea', 5, 146, 'E', 'N', '2023-11-24 01:51:03', '2023-11-24 19:12:19'),
	(45, '85bd1359-3741-46b3-aa4e-10e69fd8479d', 5, 147, 'L', 'S', '2023-11-24 01:51:03', '2023-11-24 19:12:19'),
	(46, '1d6614bf-8ba0-40a5-9e74-77cf8e8374cf', 6, 139, 'L', 'N', '2023-11-24 01:51:29', '2023-11-24 19:12:19'),
	(47, 'b67d7385-dcc8-41ef-b9c0-38c513d83196', 6, 140, 'E', 'N', '2023-11-24 01:51:29', '2023-11-24 19:12:19'),
	(48, '6d19e593-d5d5-4b73-9c90-14fda16ee43f', 6, 141, 'V', 'S', '2023-11-24 01:51:29', '2023-11-24 19:12:19'),
	(49, '73736cb6-c6bd-41d5-acf2-072df2a80a9a', 6, 142, 'E', 'S', '2023-11-24 01:51:29', '2023-11-24 19:12:19'),
	(50, 'f33f3e60-8718-4531-aa7c-167f24bcbc0b', 6, 143, 'V', 'S', '2023-11-24 01:51:29', '2023-11-24 19:12:19'),
	(51, '2c1d66bc-8771-4276-b3c1-c4088a2d187a', 6, 144, 'L', 'S', '2023-11-24 01:51:29', '2023-11-24 19:12:19'),
	(52, 'e3e37de8-0e39-4291-b50d-95c009b15d3b', 6, 145, 'E', 'S', '2023-11-24 01:51:29', '2023-11-24 19:12:19'),
	(53, 'ad6c3b9b-f710-4bba-87b6-5023c142dd6f', 6, 146, 'L', 'N', '2023-11-24 01:51:29', '2023-11-24 19:12:19'),
	(54, '3da597be-90cd-4ae9-9195-75fdf3d51d5e', 6, 147, 'L', 'S', '2023-11-24 01:51:29', '2023-11-24 19:12:19'),
	(55, '32cc2f07-63fa-491f-87d5-5a5001a239a0', 7, 158, 'V', 'N', '2023-11-25 20:05:53', '2023-11-25 20:05:53'),
	(56, '7b9778d6-291f-4da4-a8bc-06f7df48e4ac', 7, 159, 'L', 'N', '2023-11-25 20:05:53', '2023-11-25 20:05:53'),
	(57, 'fca56452-acfc-4363-a423-87a6be3fd45e', 8, 158, 'L', 'N', '2023-11-28 02:15:14', '2023-11-28 02:15:14'),
	(58, 'abeb3e4c-a129-4f5a-a156-92194b9d72f7', 8, 159, 'L', 'N', '2023-11-28 02:15:14', '2023-11-28 02:15:14'),
	(59, '100fb120-96de-4a97-8f07-ca47386a21b7', 9, 154, 'L', 'N', '2023-11-29 02:11:31', '2023-11-29 02:11:31'),
	(60, '68445eb1-523a-4af0-95d4-df223a15ac6b', 9, 156, 'V', 'N', '2023-11-29 02:11:31', '2023-11-29 02:11:31'),
	(61, 'afa58e28-0d8f-468a-ab32-90f359ca6d26', 9, 160, 'V', 'N', '2023-11-29 02:11:31', '2023-11-29 02:11:31'),
	(62, '557560fd-82fc-47ba-bb56-9814d26a00c9', 9, 161, 'V', 'N', '2023-11-29 02:11:31', '2023-11-29 02:11:31'),
	(63, 'a3fcbf96-7c1c-4e0d-9cbc-07f67a063daa', 9, 155, 'L', 'N', '2023-11-29 02:11:31', '2023-11-29 02:11:31'),
	(64, '236a5fb1-1c1c-4316-8981-8dc9210fb34d', 9, 157, 'L', 'N', '2023-11-29 02:11:31', '2023-11-29 02:11:31'),
	(65, '80424a4a-ac96-405c-8cdb-be4e02967a3c', 9, 164, 'L', 'N', '2023-11-29 02:11:31', '2023-11-29 02:11:31'),
	(66, '49b906a0-6b93-4a51-8cff-c6914af06abf', 9, 162, 'L', 'N', '2023-11-29 02:11:31', '2023-11-29 02:11:31'),
	(67, '3ec552e1-933e-4950-82cd-f87381b27714', 10, 154, 'E', 'N', '2023-11-29 02:11:50', '2023-11-29 02:11:50'),
	(68, '814790c8-bd8c-4d8e-afc9-66b22a1b8a69', 10, 156, 'V', 'N', '2023-11-29 02:11:50', '2023-11-29 02:11:50'),
	(69, 'cde58644-dbbb-47ab-b428-6a0935209847', 10, 160, 'E', 'N', '2023-11-29 02:11:50', '2023-11-29 02:11:50'),
	(70, '25929b66-c635-4034-95b9-5c192da5ee54', 10, 161, 'V', 'N', '2023-11-29 02:11:50', '2023-11-29 02:11:50'),
	(71, 'a0aff871-16eb-4839-a52a-22156ebad47d', 10, 155, 'V', 'N', '2023-11-29 02:11:50', '2023-11-29 02:11:50'),
	(72, '6a2c16bc-8fc2-4fd7-a832-4431d12c538d', 10, 157, 'L', 'N', '2023-11-29 02:11:50', '2023-11-29 02:11:50'),
	(73, 'e10a70c4-2c35-40de-b4fb-eae034f44fdc', 10, 164, 'L', 'N', '2023-11-29 02:11:50', '2023-11-29 02:11:50'),
	(74, '4c100ad3-ea17-4f68-a039-3abc4aa91ee2', 10, 162, 'L', 'N', '2023-11-29 02:11:50', '2023-11-29 02:11:50'),
	(75, 'c54df1e1-0e1b-43a5-9475-118ffd8fe6b6', 11, 154, 'L', 'N', '2023-11-29 02:12:41', '2023-11-29 02:12:41'),
	(76, '48520654-5174-4fcc-b1cd-c83c1b7ed03a', 11, 156, 'L', 'N', '2023-11-29 02:12:41', '2023-11-29 02:12:41'),
	(77, '10544f89-a4ad-4a19-aa99-d93de29ca14f', 11, 160, 'L', 'N', '2023-11-29 02:12:41', '2023-11-29 02:12:41'),
	(78, '33ed4d83-d96e-48ee-ab4b-5426eddd9bb4', 11, 161, 'L', 'N', '2023-11-29 02:12:41', '2023-11-29 02:12:41'),
	(79, 'c79fc33f-06f7-4378-9f42-760ab25af9bd', 11, 155, 'E', 'N', '2023-11-29 02:12:41', '2023-11-29 02:12:41'),
	(80, 'c8f3772e-3b5c-441a-81b1-124a38274102', 11, 157, 'L', 'N', '2023-11-29 02:12:41', '2023-11-29 02:12:41'),
	(81, '7e3525b1-8528-445d-b74b-44a515909f8f', 11, 164, 'V', 'N', '2023-11-29 02:12:41', '2023-11-29 02:12:41'),
	(82, 'e07186d9-48c0-46c5-bf00-d71144b264f0', 11, 162, 'L', 'N', '2023-11-29 02:12:41', '2023-11-29 02:12:41'),
	(83, '617fe0d7-7b3b-475a-9842-09d4964599b6', 12, 154, 'L', 'N', '2023-12-21 20:11:41', '2023-12-21 20:11:41'),
	(84, '05822415-ed50-432e-bd3d-89cf33f683d7', 12, 156, 'V', 'N', '2023-12-21 20:11:41', '2023-12-21 20:11:41'),
	(85, '9768919e-500e-40d0-af1c-06e7c9635f5d', 12, 160, 'V', 'N', '2023-12-21 20:11:41', '2023-12-21 20:11:41'),
	(86, '4da1401c-dfd7-4d85-9fc1-8497b60ab69a', 12, 161, 'V', 'N', '2023-12-21 20:11:41', '2023-12-21 20:11:41'),
	(87, 'fca78e9c-e054-4d73-a088-ea550384d658', 12, 155, 'V', 'N', '2023-12-21 20:11:41', '2023-12-21 20:11:41'),
	(88, '6b14736f-d0e7-4436-b326-65261c0250dc', 12, 157, 'L', 'N', '2023-12-21 20:11:41', '2023-12-21 20:11:41'),
	(89, '9e767746-191b-4e52-8aec-59c3a27917dc', 12, 164, 'L', 'N', '2023-12-21 20:11:41', '2023-12-21 20:11:41'),
	(90, '6ca5d333-4c3c-48ce-9454-b28de1715687', 12, 162, 'L', 'N', '2023-12-21 20:11:41', '2023-12-21 20:11:41'),
	(91, 'c03f5009-1d2f-47ea-b4f2-467752a0d6f7', 13, 171, 'V', 'N', '2024-01-10 23:12:17', '2024-01-15 18:45:08'),
	(92, '0c8224ac-872f-4685-9104-fcf1907754a9', 13, 172, 'E', 'N', '2024-01-10 23:12:17', '2024-01-15 18:45:08'),
	(93, '6b8bfaf1-014c-469c-9d28-65dbf9da5879', 13, 173, 'L', 'N', '2024-01-10 23:12:17', '2024-01-15 18:45:08'),
	(94, '7b073a72-9c54-442a-b5ad-9685b14fe386', 13, 174, 'E', 'S', '2024-01-10 23:12:17', '2024-01-15 18:45:08'),
	(95, 'f474db67-a6bf-4ecb-85e5-beca3aa171ed', 13, 175, 'L', 'S', '2024-01-10 23:12:17', '2024-01-15 18:45:08'),
	(96, '9593392b-3721-44c7-801d-6b868170b58d', 13, 176, 'E', 'N', '2024-01-10 23:12:17', '2024-01-15 18:45:08'),
	(97, '141c0858-b60a-4f6b-9856-d219cdd99de0', 13, 177, 'L', 'S', '2024-01-10 23:12:17', '2024-01-15 18:45:08'),
	(98, '990b1726-9352-4bae-ad3f-d2a55a1531a5', 13, 178, 'E', 'N', '2024-01-10 23:12:17', '2024-01-15 18:45:08'),
	(99, 'd9e2fa86-22b3-4af4-8c06-07e30486d488', 13, 179, 'L', 'N', '2024-01-10 23:12:17', '2024-01-10 23:12:17'),
	(100, 'af8cb55b-5d70-47d2-9a65-d0e570c31f8a', 14, 171, 'E', 'S', '2024-01-10 23:12:36', '2024-01-15 18:45:08'),
	(101, '432c972c-ddd1-4f41-878f-2e15a276a988', 14, 172, 'E', 'N', '2024-01-10 23:12:36', '2024-01-15 18:45:08'),
	(102, '61d3a682-c171-4b76-aff0-db0c37f678e8', 14, 173, 'L', 'N', '2024-01-10 23:12:36', '2024-01-15 18:45:08'),
	(103, 'a6f68ff7-906a-495d-8905-b7d3bea61a1a', 14, 174, 'L', 'N', '2024-01-10 23:12:36', '2024-01-15 18:45:08'),
	(104, '660a3209-5d14-4da3-adad-ef36f5e2f3fc', 14, 175, 'L', 'S', '2024-01-10 23:12:36', '2024-01-15 18:45:08'),
	(105, '7747ff54-ef0b-46bb-a0e9-b47f2e3d6ef3', 14, 176, 'V', 'S', '2024-01-10 23:12:36', '2024-01-15 18:45:08'),
	(106, '67196557-73e0-4ca9-93bb-2259bb5de6d0', 14, 177, 'L', 'S', '2024-01-10 23:12:36', '2024-01-15 18:45:08'),
	(107, 'f74878ef-b90e-4bd7-a504-4ac13cb7f693', 14, 178, 'E', 'N', '2024-01-10 23:12:36', '2024-01-15 18:45:08'),
	(108, '2031cd70-4efa-424d-a2f8-a9e0bafd3bcc', 14, 179, 'V', 'N', '2024-01-10 23:12:36', '2024-01-10 23:12:36'),
	(109, 'df0b1675-5533-4ccd-a7c5-a43bb2a8a855', 15, 225, 'E', 'N', '2024-02-11 01:20:12', '2024-02-11 01:20:12'),
	(110, 'b6d049a0-d9fc-434a-afd3-7bca720e2044', 15, 226, 'V', 'N', '2024-02-11 01:20:12', '2024-02-11 01:20:12'),
	(111, '24d6ad97-0e8c-499c-8d28-a2791d2c2bfe', 15, 227, 'E', 'N', '2024-02-11 01:20:12', '2024-02-11 01:20:12'),
	(112, 'a856d421-7d32-4dae-880e-c83085206129', 15, 228, 'E', 'N', '2024-02-11 01:20:12', '2024-02-11 01:20:12'),
	(113, 'c5035165-180f-44e6-a92c-28777ef4a150', 15, 229, 'E', 'N', '2024-02-11 01:20:12', '2024-02-11 01:20:12'),
	(114, '6e379e7a-6070-465b-b530-829fc5f74954', 15, 230, 'L', 'N', '2024-02-11 01:20:12', '2024-02-11 01:20:12'),
	(115, '12656526-5653-48a7-9fa4-ea1ee732a3eb', 15, 231, 'V', 'N', '2024-02-11 01:20:12', '2024-02-11 01:20:12'),
	(116, 'fe64563a-bf89-4150-aaf5-f26bba3da712', 15, 232, 'L', 'N', '2024-02-11 01:20:12', '2024-02-11 01:20:12'),
	(117, '4df7afe5-4976-47c3-9a48-7c57c6b3ed57', 15, 233, 'L', 'N', '2024-02-11 01:20:12', '2024-02-11 01:20:12');

/*!40103 SET TIME_ZONE=IFNULL(@OLD_TIME_ZONE, 'system') */;
/*!40101 SET SQL_MODE=IFNULL(@OLD_SQL_MODE, '') */;
/*!40014 SET FOREIGN_KEY_CHECKS=IFNULL(@OLD_FOREIGN_KEY_CHECKS, 1) */;
/*!40101 SET CHARACTER_SET_CLIENT=@OLD_CHARACTER_SET_CLIENT */;
/*!40111 SET SQL_NOTES=IFNULL(@OLD_SQL_NOTES, 1) */;
